state,feature,importance_mean,importance_std,type
RHODE ISLAND,real_gdp,0.02812453016890736,0.014691147439877655,economic/context
RHODE ISLAND,unemployment_rate,-0.03486676916908249,0.021823875899636202,economic/context
RHODE ISLAND,prop_rate,0.0,0.0,economic/context
RHODE ISLAND,total_home_purchase,0.0035041111104483933,0.0040861775119830955,economic/context
RHODE ISLAND,total_amt_purchase,0.0017964231653790131,0.0029459889273327003,economic/context
RHODE ISLAND,total_population,0.00577967006315685,0.0042135718668913505,economic/context
RHODE ISLAND,gdp_per_capita,0.008505953251919473,0.0035840925238089815,economic/context
RHODE ISLAND,avg_home_price,0.4647952387204201,0.23347083823120335,economic/context
RHODE ISLAND,purchase_per_capita,0.007029447496119323,0.006567335980154076,economic/context
RHODE ISLAND,log_gdp,0.0,0.0,economic/context
RHODE ISLAND,log_population,0.0,0.0,economic/context
RHODE ISLAND,log_amt_purchase,0.0,0.0,economic/context
RHODE ISLAND,yr_centered,0.0,0.0,economic/context
RHODE ISLAND,yr_sq,0.0,0.0,economic/context
RHODE ISLAND,flood_frequency,0.000714071894040147,0.0007832806378310716,climate
RHODE ISLAND,flood_property_damage,-0.00029036760921041793,0.00018129705561456503,climate
RHODE ISLAND,flood_duration_hours,-0.0002687806984914665,0.0007506125989536683,climate
RHODE ISLAND,heat_stress_index,0.00078200398995798,0.002851748793985489,climate
RHODE ISLAND,drought_annual_mean_index,-0.0252208061346622,0.010387938704537006,climate
RHODE ISLAND,fire_frequency,-0.00018216046345594927,0.001902833837146391,climate
RHODE ISLAND,fire_size,-0.0006222402973119379,0.0004699564251942256,climate
RHODE ISLAND,deaths_hurricane,0.0,0.0,climate
RHODE ISLAND,injuries_hurricane,0.0,0.0,climate
RHODE ISLAND,damage_hurricane,0.0,0.0,climate
RHODE ISLAND,flood_severity,-0.0008055537320793338,0.00036870475173230463,climate
RHODE ISLAND,flood_damage_per_event,0.0007658665066866077,0.0016480002035997481,climate
RHODE ISLAND,hurricane_impact,0.0,0.0,climate
RHODE ISLAND,fire_total_area,-0.0017894304897875912,0.0028987311361006424,climate
RHODE ISLAND,climate_stress_index,0.0009993283962717702,0.0005442072492489072,climate
RHODE ISLAND,flood_frequency_roll3,0.015048529821707669,0.006042072233065521,climate
RHODE ISLAND,heat_stress_index_roll3,-0.005381827110653614,0.01463394914516647,climate
RHODE ISLAND,drought_annual_mean_index_roll3,0.11050758148053061,0.09037686215996181,climate
RHODE ISLAND,fire_frequency_roll3,-0.0016591221640109399,0.0009150979741526987,climate
RHODE ISLAND,hurricane_impact_roll3,0.0,0.0,climate
RHODE ISLAND,flood_frequency_cumsum,0.024184915177797972,0.017673607912573663,climate
RHODE ISLAND,fire_frequency_cumsum,0.01525330669605679,0.009485282198144245,climate
RHODE ISLAND,hurricane_impact_cumsum,0.0,0.0,climate
RHODE ISLAND,heat_x_unemployment,-0.003532664701091015,0.006066649090318632,climate
RHODE ISLAND,drought_x_gdp,-0.0013985425063213874,0.0008678067736113634,climate
RHODE ISLAND,flood_x_proprate,0.0,0.0,climate
RHODE ISLAND,fire_x_population,0.0013089470590018526,0.002767464107444529,climate
RHODE ISLAND,climate_stress_x_avgprice,0.00510057310015557,0.0026375903270438217,climate
LOUISIANA,real_gdp,0.040059964836533866,0.010324858924878423,economic/context
LOUISIANA,unemployment_rate,-0.0006421201381640818,0.0010761746851430623,economic/context
LOUISIANA,prop_rate,0.0,0.0,economic/context
LOUISIANA,total_home_purchase,0.0013985034324943135,0.0012428215852950007,economic/context
LOUISIANA,total_amt_purchase,0.02294062106186736,0.0035050511177593634,economic/context
LOUISIANA,total_population,0.40231089444474205,0.055333602423237455,economic/context
LOUISIANA,gdp_per_capita,0.004001791114921538,0.0020569885773296264,economic/context
LOUISIANA,avg_home_price,0.04416687978034774,0.010788770823301921,economic/context
LOUISIANA,purchase_per_capita,0.008075199068615525,0.00304731815987436,economic/context
LOUISIANA,log_gdp,0.0,0.0,economic/context
LOUISIANA,log_population,0.0,0.0,economic/context
LOUISIANA,log_amt_purchase,0.0,0.0,economic/context
LOUISIANA,yr_centered,0.0,0.0,economic/context
LOUISIANA,yr_sq,0.0,0.0,economic/context
LOUISIANA,flood_frequency,0.0007513338698678318,0.0006040864098255366,climate
LOUISIANA,flood_property_damage,0.00019030318607976549,9.145108277536613e-05,climate
LOUISIANA,flood_duration_hours,0.0004160730769132592,0.00020711174181228345,climate
LOUISIANA,heat_stress_index,0.000736970991454089,0.0004635560397829687,climate
LOUISIANA,drought_annual_mean_index,0.00046884116382820416,0.00045848743087188195,climate
LOUISIANA,fire_frequency,0.004315458344961576,0.0011767339035286897,climate
LOUISIANA,fire_size,0.002185125338858862,0.0010368261847286235,climate
LOUISIANA,deaths_hurricane,0.0,0.0,climate
LOUISIANA,injuries_hurricane,0.0,0.0,climate
LOUISIANA,damage_hurricane,0.001349977140326053,0.00039923738459691344,climate
LOUISIANA,flood_severity,-0.001018630144416066,0.0009732827978649946,climate
LOUISIANA,flood_damage_per_event,-0.00016078490682572833,6.74017604756002e-05,climate
LOUISIANA,hurricane_impact,0.0005373866743210942,0.00011490718429249256,climate
LOUISIANA,fire_total_area,0.00029227589525513407,0.0001678761690606381,climate
LOUISIANA,climate_stress_index,-0.0007969389320507614,0.00025585122603549184,climate
LOUISIANA,flood_frequency_roll3,-0.0006910884187706801,0.00030171731722780166,climate
LOUISIANA,heat_stress_index_roll3,-0.0011431712653527603,0.0005503791468818625,climate
LOUISIANA,drought_annual_mean_index_roll3,0.0008306118645280969,0.0007684773652151775,climate
LOUISIANA,fire_frequency_roll3,0.003817832038379787,0.0008840975037306799,climate
LOUISIANA,hurricane_impact_roll3,-7.400772423141744e-05,0.00024239911509178747,climate
LOUISIANA,flood_frequency_cumsum,0.0016663501591070106,0.005795298497541716,climate
LOUISIANA,fire_frequency_cumsum,0.010410880692628799,0.00271931350485615,climate
LOUISIANA,hurricane_impact_cumsum,0.31515638162449644,0.04737479393726403,climate
LOUISIANA,heat_x_unemployment,0.0004004273156252514,0.0003572445860609144,climate
LOUISIANA,drought_x_gdp,0.0006850408728875212,0.0005138804828587345,climate
LOUISIANA,flood_x_proprate,0.0,0.0,climate
LOUISIANA,fire_x_population,-6.145256166417701e-05,0.00013910732511902585,climate
LOUISIANA,climate_stress_x_avgprice,-8.907899977549372e-05,0.00022514684206778019,climate
ARKANSAS,real_gdp,0.30596365506043705,0.022897985981861844,economic/context
ARKANSAS,unemployment_rate,0.001376332949433845,0.001188785779276989,economic/context
ARKANSAS,prop_rate,0.004552991236114312,0.0025013054907854896,economic/context
ARKANSAS,total_home_purchase,-0.0010461481220914726,0.0007505835872256349,economic/context
ARKANSAS,total_amt_purchase,0.02226142571674482,0.005425855320966304,economic/context
ARKANSAS,total_population,0.6523995295251438,0.049620730527625924,economic/context
ARKANSAS,gdp_per_capita,0.06184981466606053,0.00840579687617369,economic/context
ARKANSAS,avg_home_price,0.010250583813616576,0.002799851335149522,economic/context
ARKANSAS,purchase_per_capita,-0.002529597954331053,0.0018773944583818552,economic/context
ARKANSAS,log_gdp,0.0,0.0,economic/context
ARKANSAS,log_population,0.0,0.0,economic/context
ARKANSAS,log_amt_purchase,0.0,0.0,economic/context
ARKANSAS,yr_centered,0.0,0.0,economic/context
ARKANSAS,yr_sq,2.946312840779175e-06,1.870681334636174e-05,economic/context
ARKANSAS,flood_frequency,-0.0001945468450510468,0.0004931431171684298,climate
ARKANSAS,flood_property_damage,-0.00015215053441135494,0.0008960051670694438,climate
ARKANSAS,flood_duration_hours,0.00036553967652819264,0.00020853796641649236,climate
ARKANSAS,heat_stress_index,0.0004300062962218409,0.00021543616136555119,climate
ARKANSAS,drought_annual_mean_index,0.00011011156761276952,0.00021630205325580412,climate
ARKANSAS,fire_frequency,5.3435318475369976e-05,5.0740818180032756e-05,climate
ARKANSAS,fire_size,7.140410019252918e-05,4.8732429635035156e-05,climate
ARKANSAS,deaths_hurricane,0.0,0.0,climate
ARKANSAS,injuries_hurricane,0.0,0.0,climate
ARKANSAS,damage_hurricane,0.0,0.0,climate
ARKANSAS,flood_severity,-0.0006968106688136633,0.0003889166372652289,climate
ARKANSAS,flood_damage_per_event,4.665887617972819e-05,0.00019112619928212733,climate
ARKANSAS,hurricane_impact,0.0,0.0,climate
ARKANSAS,fire_total_area,1.3482209800919077e-05,5.967269470283571e-05,climate
ARKANSAS,climate_stress_index,0.0003625520211932742,0.0003168486142054573,climate
ARKANSAS,flood_frequency_roll3,0.06929191911571297,0.01912974344014282,climate
ARKANSAS,heat_stress_index_roll3,0.0010148153454955233,0.00034366856259708317,climate
ARKANSAS,drought_annual_mean_index_roll3,0.0004884982687528905,0.0004978110228283201,climate
ARKANSAS,fire_frequency_roll3,0.00013726685817802008,0.0006551778411223283,climate
ARKANSAS,hurricane_impact_roll3,0.0,0.0,climate
ARKANSAS,flood_frequency_cumsum,0.02119919148753121,0.0031376253698198937,climate
ARKANSAS,fire_frequency_cumsum,0.018390652909297856,0.0020283391255874,climate
ARKANSAS,hurricane_impact_cumsum,3.6643074965425626e-06,3.3678159165141616e-06,climate
ARKANSAS,heat_x_unemployment,0.00032485532836014076,0.0002896147080108951,climate
ARKANSAS,drought_x_gdp,-0.00025802206660250346,0.00012280924430128215,climate
ARKANSAS,flood_x_proprate,-6.624181907000093e-06,0.00011594110981658785,climate
ARKANSAS,fire_x_population,-0.0022771120157091818,0.0007425841689155264,climate
ARKANSAS,climate_stress_x_avgprice,7.018982172984911e-05,0.00015136313541120548,climate
ALASKA,real_gdp,0.03089692065189169,0.016080738987955884,economic/context
ALASKA,unemployment_rate,0.16122469265400155,0.19275504370538524,economic/context
ALASKA,prop_rate,0.0,0.0,economic/context
ALASKA,total_home_purchase,0.018649663779709648,0.004258909653623312,economic/context
ALASKA,total_amt_purchase,0.07754673785172699,0.05118029953124243,economic/context
ALASKA,total_population,0.045136841345421154,0.02996255204680077,economic/context
ALASKA,gdp_per_capita,0.13437664319917514,0.10208869872196663,economic/context
ALASKA,avg_home_price,0.05825118857207837,0.04061946033354473,economic/context
ALASKA,purchase_per_capita,0.005373267237909751,0.0030126834116453484,economic/context
ALASKA,log_gdp,0.0,0.0,economic/context
ALASKA,log_population,0.0,0.0,economic/context
ALASKA,log_amt_purchase,0.0,0.0,economic/context
ALASKA,yr_centered,0.0,0.0,economic/context
ALASKA,yr_sq,-4.173196295648163e-05,7.681341265724064e-05,economic/context
ALASKA,flood_frequency,0.0,0.0,climate
ALASKA,flood_property_damage,0.0,0.0,climate
ALASKA,flood_duration_hours,0.0,0.0,climate
ALASKA,heat_stress_index,0.0,0.0,climate
ALASKA,drought_annual_mean_index,0.0,0.0,climate
ALASKA,fire_frequency,0.0005135237986017671,0.0006639624148200703,climate
ALASKA,fire_size,-0.001726697650764064,0.001037902435533634,climate
ALASKA,deaths_hurricane,0.0,0.0,climate
ALASKA,injuries_hurricane,0.0,0.0,climate
ALASKA,damage_hurricane,0.0,0.0,climate
ALASKA,flood_severity,0.0,0.0,climate
ALASKA,flood_damage_per_event,0.0,0.0,climate
ALASKA,hurricane_impact,0.0,0.0,climate
ALASKA,fire_total_area,0.0004914522015112777,0.00031636999956295345,climate
ALASKA,climate_stress_index,0.00013761161155375622,0.00016196362220440846,climate
ALASKA,flood_frequency_roll3,0.0,0.0,climate
ALASKA,heat_stress_index_roll3,0.0,0.0,climate
ALASKA,drought_annual_mean_index_roll3,0.0,0.0,climate
ALASKA,fire_frequency_roll3,0.007620229739007689,0.0036138387171944413,climate
ALASKA,hurricane_impact_roll3,0.0,0.0,climate
ALASKA,flood_frequency_cumsum,0.0010586026594601949,0.0003272040436671889,climate
ALASKA,fire_frequency_cumsum,0.04176321604367968,0.010124246850866712,climate
ALASKA,hurricane_impact_cumsum,0.0,0.0,climate
ALASKA,heat_x_unemployment,0.0,0.0,climate
ALASKA,drought_x_gdp,0.0,0.0,climate
ALASKA,flood_x_proprate,0.0,0.0,climate
ALASKA,fire_x_population,-0.0006625070038177805,0.00035074872684947575,climate
ALASKA,climate_stress_x_avgprice,-4.581179252571843e-05,7.393058508492276e-05,climate
KENTUCKY,real_gdp,0.04189622710613875,0.005666343487519123,economic/context
KENTUCKY,unemployment_rate,0.0010419949993984213,0.0008730952076384744,economic/context
KENTUCKY,prop_rate,0.0,0.0,economic/context
KENTUCKY,total_home_purchase,0.0012223207965481708,0.0006266275415769921,economic/context
KENTUCKY,total_amt_purchase,0.7227598403656547,0.04821219731818207,economic/context
KENTUCKY,total_population,0.33664021718115145,0.029504411270388647,economic/context
KENTUCKY,gdp_per_capita,0.010520942421955426,0.011257602550379173,economic/context
KENTUCKY,avg_home_price,-0.0015045773393733031,0.0021061232425366064,economic/context
KENTUCKY,purchase_per_capita,0.004207751823333905,0.0007464670014892575,economic/context
KENTUCKY,log_gdp,0.0,0.0,economic/context
KENTUCKY,log_population,0.0,0.0,economic/context
KENTUCKY,log_amt_purchase,0.0,0.0,economic/context
KENTUCKY,yr_centered,0.0,0.0,economic/context
KENTUCKY,yr_sq,0.0,0.0,economic/context
KENTUCKY,flood_frequency,-0.0003636537430092179,0.0002863759266644005,climate
KENTUCKY,flood_property_damage,0.0010888608492427676,0.00012302540318365828,climate
KENTUCKY,flood_duration_hours,0.0015605043155579091,0.0005080366330778584,climate
KENTUCKY,heat_stress_index,0.0003428603589283319,0.00023478315983349208,climate
KENTUCKY,drought_annual_mean_index,-6.693442608111111e-05,0.00026895279139873315,climate
KENTUCKY,fire_frequency,0.001513106717486412,0.00037568635281103854,climate
KENTUCKY,fire_size,-0.00026258200141277,0.00016279078492075912,climate
KENTUCKY,deaths_hurricane,0.0,0.0,climate
KENTUCKY,injuries_hurricane,0.0,0.0,climate
KENTUCKY,damage_hurricane,0.0,0.0,climate
KENTUCKY,flood_severity,0.00019668961682497432,0.0003900623845049858,climate
KENTUCKY,flood_damage_per_event,0.0010771113809195155,0.0002439701944609183,climate
KENTUCKY,hurricane_impact,0.0,0.0,climate
KENTUCKY,fire_total_area,0.0005954974891947074,0.00020966062350376925,climate
KENTUCKY,climate_stress_index,1.808352260342927e-05,7.714984232518627e-05,climate
KENTUCKY,flood_frequency_roll3,0.0008415667707445173,0.001982735669466433,climate
KENTUCKY,heat_stress_index_roll3,0.012660530692182436,0.004209622707069769,climate
KENTUCKY,drought_annual_mean_index_roll3,-0.0007811951817896401,0.0008724644956099509,climate
KENTUCKY,fire_frequency_roll3,0.02593080669704343,0.00611123637216421,climate
KENTUCKY,hurricane_impact_roll3,0.0,0.0,climate
KENTUCKY,flood_frequency_cumsum,0.016223421158490813,0.0020721260010858654,climate
KENTUCKY,fire_frequency_cumsum,0.3034976380888321,0.026141548449310423,climate
KENTUCKY,hurricane_impact_cumsum,0.0,0.0,climate
KENTUCKY,heat_x_unemployment,-0.0009509856081074241,0.0007005458288182771,climate
KENTUCKY,drought_x_gdp,-0.0012290495786299704,0.00038733378878061706,climate
KENTUCKY,flood_x_proprate,0.0,0.0,climate
KENTUCKY,fire_x_population,0.0009790093957959378,0.00032321146586863637,climate
KENTUCKY,climate_stress_x_avgprice,-4.9363597252116695e-05,0.000131388506848085,climate
MONTANA,real_gdp,0.48163088618975436,0.027598193694251483,economic/context
MONTANA,unemployment_rate,0.004069222287355989,0.0022156517763366403,economic/context
MONTANA,prop_rate,0.0,0.0,economic/context
MONTANA,total_home_purchase,-0.00111056542502872,0.00045565881679485414,economic/context
MONTANA,total_amt_purchase,0.02203907390563763,0.0033750633297845306,economic/context
MONTANA,total_population,0.29079159426299406,0.027663910082727606,economic/context
MONTANA,gdp_per_capita,0.004144356326844734,0.005442512390145975,economic/context
MONTANA,avg_home_price,0.031131695727507826,0.007795007180363954,economic/context
MONTANA,purchase_per_capita,0.002359138656011295,0.000561821360465971,economic/context
MONTANA,log_gdp,0.0,0.0,economic/context
MONTANA,log_population,0.0,0.0,economic/context
MONTANA,log_amt_purchase,0.0,0.0,economic/context
MONTANA,yr_centered,0.0,0.0,economic/context
MONTANA,yr_sq,-2.5025731345884593e-06,2.043342407913059e-06,economic/context
MONTANA,flood_frequency,0.00020998186842607902,0.0001794799754965193,climate
MONTANA,flood_property_damage,0.0,0.0,climate
MONTANA,flood_duration_hours,-0.00091414857980191,0.00033661930417887227,climate
MONTANA,heat_stress_index,-0.00029390521976471187,0.0005401752912621298,climate
MONTANA,drought_annual_mean_index,-0.00027498254492599463,0.000247410274037432,climate
MONTANA,fire_frequency,-1.7706277493645395e-05,0.00011571450722786313,climate
MONTANA,fire_size,7.065191993211872e-05,0.00045491303520656324,climate
MONTANA,deaths_hurricane,0.0,0.0,climate
MONTANA,injuries_hurricane,0.0,0.0,climate
MONTANA,damage_hurricane,0.0,0.0,climate
MONTANA,flood_severity,2.0195725259264387e-05,5.199518238568414e-05,climate
MONTANA,flood_damage_per_event,1.1673678801393805e-09,3.5021036404181417e-09,climate
MONTANA,hurricane_impact,0.0,0.0,climate
MONTANA,fire_total_area,0.0007778635548670642,0.00012256750525225743,climate
MONTANA,climate_stress_index,0.0006300325713673227,0.0005499268338666238,climate
MONTANA,flood_frequency_roll3,0.0021208306768004115,0.001214414552594523,climate
MONTANA,heat_stress_index_roll3,-0.0040343716718797325,0.0020691599371398892,climate
MONTANA,drought_annual_mean_index_roll3,0.01819684001709936,0.004929125348001527,climate
MONTANA,fire_frequency_roll3,0.06778564070091343,0.007244304560161667,climate
MONTANA,hurricane_impact_roll3,0.0,0.0,climate
MONTANA,flood_frequency_cumsum,0.002337786915247142,0.0013763495443549596,climate
MONTANA,fire_frequency_cumsum,0.18134257514995702,0.04804508884422507,climate
MONTANA,hurricane_impact_cumsum,0.0,0.0,climate
MONTANA,heat_x_unemployment,-0.0009810284763007826,0.0004635005856251113,climate
MONTANA,drought_x_gdp,0.00011909301978471065,0.00010067676810548434,climate
MONTANA,flood_x_proprate,0.0,0.0,climate
MONTANA,fire_x_population,-6.151326105741095e-06,0.00011592297715017697,climate
MONTANA,climate_stress_x_avgprice,0.00028341575079675606,0.0001118610210647997,climate
INDIANA,real_gdp,0.08149610249250877,0.003822934533629313,economic/context
INDIANA,unemployment_rate,-0.0016242297066899392,0.0008717319919859008,economic/context
INDIANA,prop_rate,0.0,0.0,economic/context
INDIANA,total_home_purchase,0.011094558398686205,0.0029698167730950937,economic/context
INDIANA,total_amt_purchase,0.4201340536660522,0.02386139105540986,economic/context
INDIANA,total_population,0.35110435150836755,0.023904917321394957,economic/context
INDIANA,gdp_per_capita,0.002777510651230497,0.0013762419928200524,economic/context
INDIANA,avg_home_price,0.06900477602763505,0.00695024443310533,economic/context
INDIANA,purchase_per_capita,0.0006164380668036041,0.0004839139536093616,economic/context
INDIANA,log_gdp,0.0,0.0,economic/context
INDIANA,log_population,0.0,0.0,economic/context
INDIANA,log_amt_purchase,0.0,0.0,economic/context
INDIANA,yr_centered,0.0,0.0,economic/context
INDIANA,yr_sq,0.0,0.0,economic/context
INDIANA,flood_frequency,0.00031144458023203426,0.0003183461227146801,climate
INDIANA,flood_property_damage,0.0004961135717623689,0.00019638995602843626,climate
INDIANA,flood_duration_hours,-0.0012383036787822488,0.0009820746128864652,climate
INDIANA,heat_stress_index,3.978018005157402e-05,0.00032840679425103603,climate
INDIANA,drought_annual_mean_index,-0.0018783667922053105,0.0008211746990690362,climate
INDIANA,fire_frequency,0.0,0.0,climate
INDIANA,fire_size,-5.188385809521412e-05,7.970140087767377e-06,climate
INDIANA,deaths_hurricane,0.0,0.0,climate
INDIANA,injuries_hurricane,0.0,0.0,climate
INDIANA,damage_hurricane,0.0,0.0,climate
INDIANA,flood_severity,0.0013469833537154141,0.0004242184922898387,climate
INDIANA,flood_damage_per_event,8.387311688146104e-05,0.00015590062560662114,climate
INDIANA,hurricane_impact,0.0,0.0,climate
INDIANA,fire_total_area,-7.326843367072566e-05,6.41802385268398e-06,climate
INDIANA,climate_stress_index,-0.0014334571828875432,0.000625752749349094,climate
INDIANA,flood_frequency_roll3,0.02295981008408391,0.0044131374382619295,climate
INDIANA,heat_stress_index_roll3,0.007196659825738727,0.0019527806290802778,climate
INDIANA,drought_annual_mean_index_roll3,0.00020232493662840633,0.0009763487595257226,climate
INDIANA,fire_frequency_roll3,0.0010620112535867144,0.00022447588223571295,climate
INDIANA,hurricane_impact_roll3,0.0,0.0,climate
INDIANA,flood_frequency_cumsum,0.06648362223237833,0.004273965260040063,climate
INDIANA,fire_frequency_cumsum,0.0030766889940820443,0.0005699358450771333,climate
INDIANA,hurricane_impact_cumsum,0.0,0.0,climate
INDIANA,heat_x_unemployment,-0.000520056341561459,0.0005099313737371709,climate
INDIANA,drought_x_gdp,-0.0010592319560131624,0.0004916767371528616,climate
INDIANA,flood_x_proprate,0.0,0.0,climate
INDIANA,fire_x_population,-0.00011910031712012437,1.8168138753434604e-05,climate
INDIANA,climate_stress_x_avgprice,-0.0007063516133149816,0.0005719106018846977,climate
WASHINGTON,real_gdp,0.807192543786085,0.12205474895043326,economic/context
WASHINGTON,unemployment_rate,0.045701616442587634,0.009331051570213035,economic/context
WASHINGTON,prop_rate,0.0,0.0,economic/context
WASHINGTON,total_home_purchase,0.00684144758370373,0.001170158913139179,economic/context
WASHINGTON,total_amt_purchase,0.025997840093569147,0.0040474280721576,economic/context
WASHINGTON,total_population,0.07814270855286069,0.014038806861185837,economic/context
WASHINGTON,gdp_per_capita,0.012718618645206337,0.0028360483789934762,economic/context
WASHINGTON,avg_home_price,0.2486680561946378,0.05411556544831728,economic/context
WASHINGTON,purchase_per_capita,-6.0994483356235915e-05,0.00019417373919966243,economic/context
WASHINGTON,log_gdp,0.0,0.0,economic/context
WASHINGTON,log_population,0.0,0.0,economic/context
WASHINGTON,log_amt_purchase,0.0,0.0,economic/context
WASHINGTON,yr_centered,0.0,0.0,economic/context
WASHINGTON,yr_sq,0.0,0.0,economic/context
WASHINGTON,flood_frequency,0.00018745278845405666,0.00015094416779289467,climate
WASHINGTON,flood_property_damage,-4.8505585219538184e-05,0.00010997751802343919,climate
WASHINGTON,flood_duration_hours,6.678434885739603e-05,8.908745817788635e-05,climate
WASHINGTON,heat_stress_index,-0.0003889731989368039,0.0002267267016907247,climate
WASHINGTON,drought_annual_mean_index,1.881382735912096e-05,4.378055398005501e-05,climate
WASHINGTON,fire_frequency,-0.00040300955648568947,0.00048340417565175594,climate
WASHINGTON,fire_size,0.0009188373145324835,0.0005281954536587271,climate
WASHINGTON,deaths_hurricane,0.0,0.0,climate
WASHINGTON,injuries_hurricane,0.0,0.0,climate
WASHINGTON,damage_hurricane,0.0,0.0,climate
WASHINGTON,flood_severity,-2.9359949862861613e-06,3.914763585771197e-05,climate
WASHINGTON,flood_damage_per_event,-5.0896910421038836e-06,5.7620266424736284e-05,climate
WASHINGTON,hurricane_impact,0.0,0.0,climate
WASHINGTON,fire_total_area,0.004657952458154979,0.0016657933056918423,climate
WASHINGTON,climate_stress_index,0.003361130916091348,0.0011721173933430177,climate
WASHINGTON,flood_frequency_roll3,0.0008873398759598694,0.0003935065560857001,climate
WASHINGTON,heat_stress_index_roll3,0.00290581105671458,0.001746818928456819,climate
WASHINGTON,drought_annual_mean_index_roll3,0.0008988412704558635,0.0011635620228907806,climate
WASHINGTON,fire_frequency_roll3,0.03036094935409308,0.005935854287353687,climate
WASHINGTON,hurricane_impact_roll3,0.0,0.0,climate
WASHINGTON,flood_frequency_cumsum,0.003653040177934064,0.001792589444928476,climate
WASHINGTON,fire_frequency_cumsum,0.01412103304638367,0.004919951791505741,climate
WASHINGTON,hurricane_impact_cumsum,0.0,0.0,climate
WASHINGTON,heat_x_unemployment,-0.0004622438517026817,0.0002604671568096697,climate
WASHINGTON,drought_x_gdp,-0.00043464417130549825,0.00042618287065162094,climate
WASHINGTON,flood_x_proprate,0.0,0.0,climate
WASHINGTON,fire_x_population,0.00022223207284535195,0.00015034200610453556,climate
WASHINGTON,climate_stress_x_avgprice,2.0475487321580665e-05,0.00041670636611019373,climate
COLORADO,real_gdp,0.712898266283877,0.07169307775255895,economic/context
COLORADO,unemployment_rate,-0.00039384838241603994,0.003618496033056655,economic/context
COLORADO,prop_rate,0.0022431577509976265,0.0019505847592288764,economic/context
COLORADO,total_home_purchase,0.003284094178531827,0.0009453933796871309,economic/context
COLORADO,total_amt_purchase,0.04344979181176686,0.008305028217600697,economic/context
COLORADO,total_population,0.09515591105528588,0.009209179195240084,economic/context
COLORADO,gdp_per_capita,0.05671280711884823,0.010294575585290552,economic/context
COLORADO,avg_home_price,0.05566671543624855,0.005269623926116941,economic/context
COLORADO,purchase_per_capita,-0.0005338354239725728,0.0018419075290325854,economic/context
COLORADO,log_gdp,0.0,0.0,economic/context
COLORADO,log_population,0.0,0.0,economic/context
COLORADO,log_amt_purchase,0.0,0.0,economic/context
COLORADO,yr_centered,0.0,0.0,economic/context
COLORADO,yr_sq,-0.00025368045743560106,0.000166502171459643,economic/context
COLORADO,flood_frequency,-0.00010490821296704755,9.966517634186108e-05,climate
COLORADO,flood_property_damage,8.815077380275316e-06,1.472471495475315e-05,climate
COLORADO,flood_duration_hours,-7.0525452192771175e-06,7.018182081806628e-05,climate
COLORADO,heat_stress_index,0.001276958653419713,0.00032605487679855574,climate
COLORADO,drought_annual_mean_index,0.00016404256585523803,0.0002772823053372278,climate
COLORADO,fire_frequency,-0.0013454443531869865,0.0007442103955593016,climate
COLORADO,fire_size,0.0007897504965513558,0.00025103067808321546,climate
COLORADO,deaths_hurricane,0.0,0.0,climate
COLORADO,injuries_hurricane,0.0,0.0,climate
COLORADO,damage_hurricane,0.0,0.0,climate
COLORADO,flood_severity,4.893580314162538e-05,0.00010055033068022557,climate
COLORADO,flood_damage_per_event,-6.894345751851105e-06,2.220830619502303e-05,climate
COLORADO,hurricane_impact,0.0,0.0,climate
COLORADO,fire_total_area,3.7806617908531237e-06,0.000332787492897368,climate
COLORADO,climate_stress_index,-0.00018584819884530645,0.00013169427212392313,climate
COLORADO,flood_frequency_roll3,-0.0005490437200667886,0.0024630463194840473,climate
COLORADO,heat_stress_index_roll3,0.0008460678313767733,0.0006716383150253802,climate
COLORADO,drought_annual_mean_index_roll3,-0.0018218172883789018,0.0008411117660555635,climate
COLORADO,fire_frequency_roll3,0.0037641412337100387,0.001133730321877122,climate
COLORADO,hurricane_impact_roll3,0.0,0.0,climate
COLORADO,flood_frequency_cumsum,0.038608572128582395,0.005433679363977054,climate
COLORADO,fire_frequency_cumsum,0.003310263855317497,0.0006795885357395885,climate
COLORADO,hurricane_impact_cumsum,0.0,0.0,climate
COLORADO,heat_x_unemployment,-0.004976637402411388,0.002769085924947122,climate
COLORADO,drought_x_gdp,0.0025528642717350335,0.0008540266434467767,climate
COLORADO,flood_x_proprate,0.0003278728045822854,0.0007341663135656184,climate
COLORADO,fire_x_population,0.001803855700285162,0.0004465901939353844,climate
COLORADO,climate_stress_x_avgprice,0.0003804230876128578,0.000768556064282143,climate
OKLAHOMA,real_gdp,0.180025258018571,0.021716754294034454,economic/context
OKLAHOMA,unemployment_rate,0.00016029195659533757,0.0006793000556500538,economic/context
OKLAHOMA,prop_rate,0.0,0.0,economic/context
OKLAHOMA,total_home_purchase,0.0030473514587042285,0.0006084436699529131,economic/context
OKLAHOMA,total_amt_purchase,0.059117157136318585,0.009718465859996707,economic/context
OKLAHOMA,total_population,0.6265614832352291,0.040990623632954165,economic/context
OKLAHOMA,gdp_per_capita,0.027752480382216026,0.004259762630360628,economic/context
OKLAHOMA,avg_home_price,0.05903511686447656,0.011970653648606411,economic/context
OKLAHOMA,purchase_per_capita,0.0007437239396607343,0.0004831707837722757,economic/context
OKLAHOMA,log_gdp,0.0,0.0,economic/context
OKLAHOMA,log_population,0.0,0.0,economic/context
OKLAHOMA,log_amt_purchase,0.0,0.0,economic/context
OKLAHOMA,yr_centered,0.0,0.0,economic/context
OKLAHOMA,yr_sq,8.65509992429292e-06,3.234211141186476e-05,economic/context
OKLAHOMA,flood_frequency,0.0015371561439901705,0.0009243572836136032,climate
OKLAHOMA,flood_property_damage,8.016790440024124e-05,8.233917217219905e-05,climate
OKLAHOMA,flood_duration_hours,0.0006391196258143216,0.0007017948232736084,climate
OKLAHOMA,heat_stress_index,0.000272288168389867,0.000760182667597067,climate
OKLAHOMA,drought_annual_mean_index,3.9644861746968016e-05,0.0003413498981171409,climate
OKLAHOMA,fire_frequency,0.0013483739869261657,0.00040400473276818393,climate
OKLAHOMA,fire_size,0.001209746402097811,0.00048691555115785236,climate
OKLAHOMA,deaths_hurricane,0.0,0.0,climate
OKLAHOMA,injuries_hurricane,0.0,0.0,climate
OKLAHOMA,damage_hurricane,0.0,0.0,climate
OKLAHOMA,flood_severity,0.00029594112500764825,0.0002852035769673323,climate
OKLAHOMA,flood_damage_per_event,-3.53771728864305e-05,3.5380419611134166e-05,climate
OKLAHOMA,hurricane_impact,0.0,0.0,climate
OKLAHOMA,fire_total_area,-0.0007037137933843751,0.00032855472667405307,climate
OKLAHOMA,climate_stress_index,-0.0002486312499801246,0.00021061357257289782,climate
OKLAHOMA,flood_frequency_roll3,0.0038555107005004753,0.0016812269510267754,climate
OKLAHOMA,heat_stress_index_roll3,0.0020101266356117864,0.0010796414506984687,climate
OKLAHOMA,drought_annual_mean_index_roll3,0.0024479145207933484,0.0022307718340001887,climate
OKLAHOMA,fire_frequency_roll3,0.0002516208461418645,0.0009583417713328286,climate
OKLAHOMA,hurricane_impact_roll3,0.0,0.0,climate
OKLAHOMA,flood_frequency_cumsum,0.0432828422093814,0.011707711298255012,climate
OKLAHOMA,fire_frequency_cumsum,0.01947097381626265,0.003987120765466372,climate
OKLAHOMA,hurricane_impact_cumsum,0.0,0.0,climate
OKLAHOMA,heat_x_unemployment,-0.00026677112617942147,0.0003092325388903352,climate
OKLAHOMA,drought_x_gdp,0.00032110312190940514,0.000308509218119047,climate
OKLAHOMA,flood_x_proprate,0.0,0.0,climate
OKLAHOMA,fire_x_population,-0.0002498993930318494,0.0003434861939677518,climate
OKLAHOMA,climate_stress_x_avgprice,-0.0009022980963437011,0.00046599402068074337,climate
