state,n_counties,n_train,n_test,A_climate_only_R2,A_climate_only_RMSE,A_climate_only_model,B_economic_only_R2,B_economic_only_RMSE,B_economic_only_model,C_econ_climate_R2,C_econ_climate_RMSE,C_econ_climate_model,D_econ_clim_lag_R2,D_econ_clim_lag_RMSE,D_econ_clim_lag_model,delta_R2_climate,delta_R2_lag
ALABAMA,64,1054,192,0.383496,67.0439,RF,0.850006,33.0695,HistGB,0.855492,32.4591,XGB,0.977567,12.7891,RF,0.005486,0.122075
ALASKA,8,136,24,0.116666,98.0791,XGB,0.535177,71.1471,XGB,0.577368,67.8414,XGB,0.98275,13.7059,HistGB,0.042191,0.405382
ARIZONA,14,238,42,0.594327,108.4564,RF,0.651469,100.5282,XGB,0.649851,100.7613,XGB,0.889025,56.7257,RF,-0.001618,0.239174
ARKANSAS,68,1117,203,0.287569,66.1247,XGB,0.84264,31.0771,XGB,0.891473,25.8084,HistGB,0.973421,12.772,HistGB,0.048833,0.081948
CALIFORNIA,58,986,174,0.341959,466.1127,RF,0.91116,171.2653,HistGB,0.893145,187.8283,RF,0.985572,69.0189,XGB,-0.018015,0.092427
COLORADO,59,971,175,0.364768,254.4871,RF,0.842676,126.6474,HistGB,0.860881,119.0948,HistGB,0.978356,46.975,XGB,0.018205,0.117475
CONNECTICUT,8,136,24,0.033645,140.8254,XGB,0.498341,101.4652,XGB,0.339785,116.4007,XGB,0.9937,11.3703,HistGB,-0.158556,0.653915
FLORIDA,65,1075,195,0.255078,191.3354,XGB,0.864066,81.7343,HistGB,0.867984,80.5478,HistGB,0.982069,29.6852,RF,0.003918,0.114085
GEORGIA,138,2281,411,0.346152,96.5781,HistGB,0.808716,52.2372,XGB,0.809707,52.1016,HistGB,0.980033,16.8769,HistGB,0.000991,0.170326
IDAHO,42,708,126,-0.18885,161.472,HistGB,0.770397,70.9614,HistGB,0.728742,77.1303,HistGB,0.89054,48.9961,HistGB,-0.041655,0.161798
ILLINOIS,97,1593,291,0.140679,85.3193,XGB,0.914451,26.9202,XGB,0.908791,27.7964,HistGB,0.994776,6.6522,HistGB,-0.00566,0.085985
INDIANA,92,1562,276,-0.048886,94.555,XGB,0.801884,41.0942,HistGB,0.831943,37.8485,HistGB,0.976841,14.0501,HistGB,0.030059,0.144898
IOWA,99,1662,296,0.174974,70.0051,HistGB,0.79172,35.1739,HistGB,0.79525,34.8745,HistGB,0.981651,10.4402,RF,0.00353,0.186401
KANSAS,73,1198,218,0.269001,97.675,XGB,0.832544,46.7493,HistGB,0.813196,49.3762,HistGB,0.976415,17.5445,RF,-0.019348,0.163219
KENTUCKY,108,1789,321,0.315797,77.3036,XGB,0.810252,40.7095,HistGB,0.842271,37.1161,HistGB,0.980244,13.1359,HistGB,0.032019,0.137973
LOUISIANA,61,1024,183,0.738372,53.1007,XGB,0.795522,46.9441,XGB,0.888015,34.7406,RF,0.982337,13.7971,XGB,0.092493,0.094322
MAINE,16,271,48,0.189702,166.5797,RF,0.864418,68.1399,XGB,0.84792,72.1666,XGB,0.964537,34.8485,XGB,-0.016498,0.116617
MARYLAND,24,408,72,0.576368,140.945,XGB,0.926688,58.6331,RF,0.938007,53.9173,RF,0.994128,16.5939,HistGB,0.011319,0.056121
MASSACHUSETTS,14,238,42,0.238609,319.6805,RF,0.879492,127.1805,XGB,0.844223,144.5985,XGB,0.965774,67.7785,XGB,-0.035269,0.121551
MICHIGAN,83,1406,249,-0.329943,155.243,XGB,0.862056,49.9974,HistGB,0.78078,63.0283,HistGB,0.982584,17.7653,HistGB,-0.081276,0.201804
MINNESOTA,87,1456,261,0.212924,123.2965,XGB,0.871262,49.8649,XGB,0.881725,47.7957,HistGB,0.986947,15.8778,HistGB,0.010463,0.105222
MISSISSIPPI,68,1113,204,0.570436,40.5496,HistGB,0.798751,27.7549,HistGB,0.799852,27.6789,XGB,0.979462,8.8664,RF,0.001101,0.17961
MISSOURI,105,1711,313,0.166606,93.048,HistGB,0.863306,37.684,XGB,0.840294,40.7326,HistGB,0.988264,11.0416,RF,-0.023012,0.14797
MONTANA,42,670,126,0.60501,111.8809,RF,0.848608,69.2652,XGB,0.879517,61.7909,XGB,0.951723,39.114,XGB,0.030909,0.072206
NEBRASKA,65,1055,195,0.271841,86.6403,RF,0.842688,40.2705,HistGB,0.843789,40.1293,HistGB,0.967162,18.399,HistGB,0.001101,0.123373
NEVADA,14,235,42,0.256771,183.8122,HistGB,0.842337,84.66,HistGB,0.806504,93.7884,XGB,0.947534,48.8373,HistGB,-0.035833,0.14103
NEW HAMPSHIRE,10,170,30,0.520075,129.409,HistGB,0.903584,58.0033,HistGB,0.871153,67.0526,HistGB,0.952144,40.8644,HistGB,-0.032431,0.080991
NEW JERSEY,21,357,63,0.313968,155.0903,RF,0.859848,70.099,HistGB,0.819257,79.6055,HistGB,0.950727,41.5638,HistGB,-0.040591,0.13147
NEW MEXICO,27,455,79,0.326634,139.6038,HistGB,0.935839,43.093,XGB,0.933544,43.8571,XGB,0.975256,26.7611,XGB,-0.002295,0.041712
NEW YORK,62,1039,184,0.460975,261.1676,XGB,0.920661,100.1976,RF,0.908592,107.5489,RF,0.982617,46.9002,XGB,-0.012069,0.074025
NORTH CAROLINA,99,1682,297,0.302938,122.4153,HistGB,0.807198,64.3806,XGB,0.817271,62.6763,XGB,0.979169,21.1621,HistGB,0.010073,0.161898
NORTH DAKOTA,27,414,81,0.572541,77.8998,HistGB,0.957334,24.6111,HistGB,0.950354,26.5479,XGB,0.99052,11.6011,HistGB,-0.00698,0.040166
OHIO,88,1495,264,-0.007855,102.4389,XGB,0.721311,53.8673,XGB,0.710382,54.9134,HistGB,0.971782,17.1407,HistGB,-0.010929,0.2614
OKLAHOMA,61,995,183,0.221164,83.8883,XGB,0.886467,32.0287,HistGB,0.898986,30.2113,XGB,0.978747,13.8575,RF,0.012519,0.079761
OREGON,34,578,102,0.007377,305.1619,HistGB,0.868301,111.1551,HistGB,0.868371,111.1256,HistGB,0.97642,47.0334,HistGB,7e-05,0.108049
PENNSYLVANIA,64,1074,192,0.568165,101.8569,RF,0.937106,38.8719,HistGB,0.927609,41.7037,HistGB,0.98311,20.1438,HistGB,-0.009497,0.055501
RHODE ISLAND,5,85,15,-0.269358,137.0395,XGB,0.309906,101.0434,HistGB,0.409463,93.4711,HistGB,0.607689,76.185,HistGB,0.099557,0.198226
SOUTH CAROLINA,45,759,135,0.494509,119.9904,HistGB,0.926935,45.6188,HistGB,0.93067,44.4377,XGB,0.965934,31.1495,HistGB,0.003735,0.035264
SOUTH DAKOTA,40,654,120,0.240195,72.6147,RF,0.797538,37.484,HistGB,0.796011,37.625,HistGB,0.96317,15.9873,HistGB,-0.001527,0.167159
TENNESSEE,93,1523,279,0.440436,91.8087,XGB,0.840708,48.9842,XGB,0.833577,50.0686,XGB,0.972721,20.2709,XGB,-0.007131,0.139144
TEXAS,177,2857,530,0.280995,121.6647,XGB,0.783313,66.7905,HistGB,0.785689,66.4233,HistGB,0.971831,24.0816,XGB,0.002376,0.186142
UTAH,27,458,81,-0.113934,219.0966,HistGB,0.834851,84.3615,HistGB,0.818568,88.4226,HistGB,0.927384,55.9398,HistGB,-0.016283,0.108816
VERMONT,14,237,42,0.315191,120.1207,RF,0.931407,38.0167,XGB,0.921522,40.6638,XGB,0.970591,24.8926,XGB,-0.009885,0.049069
VIRGINIA,129,2114,386,0.447029,181.5277,HistGB,0.871708,87.436,XGB,0.879472,84.7493,XGB,0.981128,33.5349,RF,0.007764,0.101656
WASHINGTON,39,660,117,-0.19554,381.9322,XGB,0.84256,138.5998,HistGB,0.867568,127.1163,HistGB,0.959173,70.5796,HistGB,0.025008,0.091605
WEST VIRGINIA,40,659,120,0.238798,46.8687,XGB,0.902406,16.782,XGB,0.896913,17.2478,RF,0.985275,6.5186,RF,-0.005493,0.088362
WISCONSIN,72,1217,216,-0.154076,118.1877,XGB,0.809535,48.0135,HistGB,0.715306,58.7009,HistGB,0.98481,13.5593,HistGB,-0.094229,0.269504
WYOMING,22,374,66,0.163713,173.7495,RF,0.85805,71.5835,HistGB,0.85369,72.6747,XGB,0.93238,49.4064,XGB,-0.00436,0.07869
