state,n_counties,n_train,n_test,A_climate_only_R2,B_economic_only_R2,C_econ_climate_R2,D_econ_clim_lag_R2,delta_R2_climate,delta_R2_lag,A_climate_only_model,B_economic_only_model,C_econ_climate_model,D_econ_clim_lag_model
RHODE ISLAND,5,85,15,-0.269358,0.309906,0.409463,0.607689,0.099557,0.198226,XGB,HistGB,HistGB,HistGB
LOUISIANA,61,1024,183,0.738372,0.795522,0.888015,0.982337,0.092493,0.094322,XGB,XGB,RF,XGB
ARKANSAS,68,1117,203,0.287569,0.84264,0.891473,0.973421,0.048833,0.081948,XGB,XGB,HistGB,HistGB
ALASKA,8,136,24,0.116666,0.535177,0.577368,0.98275,0.042191,0.405382,XGB,XGB,XGB,HistGB
KENTUCKY,108,1789,321,0.315797,0.810252,0.842271,0.980244,0.032019,0.137973,XGB,HistGB,HistGB,HistGB
MONTANA,42,670,126,0.60501,0.848608,0.879517,0.951723,0.030909,0.072206,RF,XGB,XGB,XGB
INDIANA,92,1562,276,-0.048886,0.801884,0.831943,0.976841,0.030059,0.144898,XGB,HistGB,HistGB,HistGB
WASHINGTON,39,660,117,-0.19554,0.84256,0.867568,0.959173,0.025008,0.091605,XGB,HistGB,HistGB,HistGB
COLORADO,59,971,175,0.364768,0.842676,0.860881,0.978356,0.018205,0.117475,RF,HistGB,HistGB,XGB
OKLAHOMA,61,995,183,0.221164,0.886467,0.898986,0.978747,0.012519,0.079761,XGB,HistGB,XGB,RF
MARYLAND,24,408,72,0.576368,0.926688,0.938007,0.994128,0.011319,0.056121,XGB,RF,RF,HistGB
MINNESOTA,87,1456,261,0.212924,0.871262,0.881725,0.986947,0.010463,0.105222,XGB,XGB,HistGB,HistGB
NORTH CAROLINA,99,1682,297,0.302938,0.807198,0.817271,0.979169,0.010073,0.161898,HistGB,XGB,XGB,HistGB
VIRGINIA,129,2114,386,0.447029,0.871708,0.879472,0.981128,0.007764,0.101656,HistGB,XGB,XGB,RF
ALABAMA,64,1054,192,0.383496,0.850006,0.855492,0.977567,0.005486,0.122075,RF,HistGB,XGB,RF
FLORIDA,65,1075,195,0.255078,0.864066,0.867984,0.982069,0.003918,0.114085,XGB,HistGB,HistGB,RF
SOUTH CAROLINA,45,759,135,0.494509,0.926935,0.93067,0.965934,0.003735,0.035264,HistGB,HistGB,XGB,HistGB
IOWA,99,1662,296,0.174974,0.79172,0.79525,0.981651,0.00353,0.186401,HistGB,HistGB,HistGB,RF
TEXAS,177,2857,530,0.280995,0.783313,0.785689,0.971831,0.002376,0.186142,XGB,HistGB,HistGB,XGB
MISSISSIPPI,68,1113,204,0.570436,0.798751,0.799852,0.979462,0.001101,0.17961,HistGB,HistGB,XGB,RF
NEBRASKA,65,1055,195,0.271841,0.842688,0.843789,0.967162,0.001101,0.123373,RF,HistGB,HistGB,HistGB
GEORGIA,138,2281,411,0.346152,0.808716,0.809707,0.980033,0.000991,0.170326,HistGB,XGB,HistGB,HistGB
OREGON,34,578,102,0.007377,0.868301,0.868371,0.97642,7e-05,0.108049,HistGB,HistGB,HistGB,HistGB
SOUTH DAKOTA,40,654,120,0.240195,0.797538,0.796011,0.96317,-0.001527,0.167159,RF,HistGB,HistGB,HistGB
ARIZONA,14,238,42,0.594327,0.651469,0.649851,0.889025,-0.001618,0.239174,RF,XGB,XGB,RF
NEW MEXICO,27,455,79,0.326634,0.935839,0.933544,0.975256,-0.002295,0.041712,HistGB,XGB,XGB,XGB
WYOMING,22,374,66,0.163713,0.85805,0.85369,0.93238,-0.00436,0.07869,RF,HistGB,XGB,XGB
WEST VIRGINIA,40,659,120,0.238798,0.902406,0.896913,0.985275,-0.005493,0.088362,XGB,XGB,RF,RF
ILLINOIS,97,1593,291,0.140679,0.914451,0.908791,0.994776,-0.00566,0.085985,XGB,XGB,HistGB,HistGB
NORTH DAKOTA,27,414,81,0.572541,0.957334,0.950354,0.99052,-0.00698,0.040166,HistGB,HistGB,XGB,HistGB
TENNESSEE,93,1523,279,0.440436,0.840708,0.833577,0.972721,-0.007131,0.139144,XGB,XGB,XGB,XGB
PENNSYLVANIA,64,1074,192,0.568165,0.937106,0.927609,0.98311,-0.009497,0.055501,RF,HistGB,HistGB,HistGB
VERMONT,14,237,42,0.315191,0.931407,0.921522,0.970591,-0.009885,0.049069,RF,XGB,XGB,XGB
OHIO,88,1495,264,-0.007855,0.721311,0.710382,0.971782,-0.010929,0.2614,XGB,XGB,HistGB,HistGB
NEW YORK,62,1039,184,0.460975,0.920661,0.908592,0.982617,-0.012069,0.074025,XGB,RF,RF,XGB
UTAH,27,458,81,-0.113934,0.834851,0.818568,0.927384,-0.016283,0.108816,HistGB,HistGB,HistGB,HistGB
MAINE,16,271,48,0.189702,0.864418,0.84792,0.964537,-0.016498,0.116617,RF,XGB,XGB,XGB
CALIFORNIA,58,986,174,0.341959,0.91116,0.893145,0.985572,-0.018015,0.092427,RF,HistGB,RF,XGB
KANSAS,73,1198,218,0.269001,0.832544,0.813196,0.976415,-0.019348,0.163219,XGB,HistGB,HistGB,RF
MISSOURI,105,1711,313,0.166606,0.863306,0.840294,0.988264,-0.023012,0.14797,HistGB,XGB,HistGB,RF
NEW HAMPSHIRE,10,170,30,0.520075,0.903584,0.871153,0.952144,-0.032431,0.080991,HistGB,HistGB,HistGB,HistGB
MASSACHUSETTS,14,238,42,0.238609,0.879492,0.844223,0.965774,-0.035269,0.121551,RF,XGB,XGB,XGB
NEVADA,14,235,42,0.256771,0.842337,0.806504,0.947534,-0.035833,0.14103,HistGB,HistGB,XGB,HistGB
NEW JERSEY,21,357,63,0.313968,0.859848,0.819257,0.950727,-0.040591,0.13147,RF,HistGB,HistGB,HistGB
IDAHO,42,708,126,-0.18885,0.770397,0.728742,0.89054,-0.041655,0.161798,HistGB,HistGB,HistGB,HistGB
MICHIGAN,83,1406,249,-0.329943,0.862056,0.78078,0.982584,-0.081276,0.201804,XGB,HistGB,HistGB,HistGB
WISCONSIN,72,1217,216,-0.154076,0.809535,0.715306,0.98481,-0.094229,0.269504,XGB,HistGB,HistGB,HistGB
CONNECTICUT,8,136,24,0.033645,0.498341,0.339785,0.9937,-0.158556,0.653915,XGB,XGB,XGB,HistGB
