FIPS,year,deaths,injuries,damage
1003.0,2002,0.0,0.0,75000
1003.0,2004,0.0,0.0,0
1003.0,2005,0.0,0.0,0
1003.0,2020,2.0,0.0,236080000
1013.0,2004,0.0,0.0,0
1023.0,2004,0.0,0.0,0
1023.0,2005,0.0,0.0,0
1025.0,2004,0.0,0.0,0
1025.0,2005,0.0,0.0,0
1031.0,2005,0.0,0.0,300000
1035.0,2004,0.0,0.0,0
1035.0,2005,0.0,0.0,0
1039.0,2004,0.0,0.0,0
1041.0,2004,0.0,0.0,0
1045.0,2005,0.0,0.0,300000
1053.0,2004,0.0,0.0,0
1053.0,2005,0.0,0.0,0
1061.0,2005,0.0,0.0,150000
1067.0,2005,0.0,0.0,100000
1069.0,2005,0.0,0.0,650000
1069.0,2018,0.0,0.0,2940000
1097.0,2002,0.0,0.0,100000
1097.0,2004,0.0,0.0,2525000000
1097.0,2005,0.0,0.0,1120100000
1097.0,2020,0.0,0.0,75960000
1099.0,2004,0.0,0.0,0
1099.0,2005,0.0,0.0,0
1129.0,2004,0.0,0.0,0
1129.0,2005,0.0,0.0,0
1131.0,2004,0.0,0.0,0
1131.0,2005,0.0,0.0,0
5003.0,2005,0.0,0.0,2700000
5017.0,2005,0.0,0.0,5750000
12005.0,2004,2.0,8.0,25000000
12005.0,2005,0.0,0.0,10250000
12005.0,2018,21.0,0.0,6350000000
12009.0,2004,0.0,0.0,421800000
12009.0,2016,0.0,1.0,75000000
12009.0,2022,0.0,0.0,0
12011.0,2001,0.0,0.0,30000
12011.0,2004,0.0,0.0,130000000
12011.0,2005,1.0,0.0,36000000
12013.0,2004,4.0,5.0,2500000
12013.0,2005,0.0,0.0,1000000
12013.0,2018,1.0,0.0,750000000
12015.0,2004,4.0,700.0,3150000000
12015.0,2017,0.0,0.0,33900000
12015.0,2022,8.0,0.0,3000000000
12015.0,2024,0.0,0.0,0
12021.0,2004,0.0,0.0,2500000
12021.0,2005,0.0,0.0,0
12021.0,2017,2.0,0.0,222500000
12021.0,2022,0.0,0.0,2200000000
12023.0,2024,0.0,0.0,0
12027.0,2004,1.0,50.0,507000000
12027.0,2017,0.0,0.0,71000000
12027.0,2022,1.0,0.0,1000000
12027.0,2024,0.0,0.0,0
12029.0,2004,0.0,0.0,50000
12029.0,2005,0.0,0.0,3000000
12029.0,2023,0.0,0.0,72500000
12029.0,2024,12.0,0.0,2254200000
12033.0,2004,6.0,0.0,4025000000
12033.0,2005,0.0,0.0,1500300000
12033.0,2020,0.0,0.0,30000000
12035.0,2004,0.0,0.0,20000
12035.0,2024,0.0,0.0,37600000
12037.0,2004,0.0,0.0,150000
12037.0,2005,0.0,0.0,10200000
12037.0,2016,0.0,0.0,704000
12037.0,2018,1.0,0.0,300000000
12039.0,2004,0.0,0.0,50000
12039.0,2005,0.0,0.0,250000
12039.0,2018,2.0,0.0,450000000
12041.0,2024,0.0,0.0,0
12043.0,2004,0.0,0.0,27025000
12043.0,2022,2.0,0.0,0
12045.0,2004,0.0,0.0,30000000
12045.0,2005,0.0,0.0,9300000
12045.0,2018,3.0,0.0,350000000
12047.0,2023,0.0,1.0,0
12047.0,2024,0.0,0.0,0
12049.0,2017,0.0,0.0,59140000
12049.0,2022,4.0,0.0,1000000
12049.0,2024,0.0,0.0,0
12051.0,2004,0.0,0.0,3050000
12051.0,2022,2.0,0.0,419000
12055.0,2017,4.0,0.0,430000000
12055.0,2024,0.0,0.0,0
12057.0,2017,3.0,0.0,42450000
12057.0,2024,0.0,0.0,0
12059.0,2004,0.0,0.0,500000
12059.0,2005,0.0,0.0,600000
12061.0,2004,0.0,0.0,1020300000
12061.0,2016,0.0,0.0,15800000
12061.0,2022,0.0,0.0,0
12063.0,2004,0.0,3.0,5000000
12063.0,2005,0.0,0.0,300000
12063.0,2018,5.0,0.0,650000000
12065.0,2004,0.0,0.0,100000
12065.0,2005,0.0,0.0,200000
12065.0,2016,0.0,0.0,682000
12065.0,2024,0.0,0.0,20000000
12067.0,2004,0.0,0.0,0
12067.0,2005,0.0,0.0,200000
12067.0,2023,0.0,0.0,75000000
12067.0,2024,0.0,0.0,2260000000
12071.0,2004,1.0,30.0,2010000000
12071.0,2005,0.0,0.0,101000000
12071.0,2017,1.0,0.0,335880000
12071.0,2022,60.0,0.0,7000000000
12071.0,2024,0.0,0.0,154000000
12073.0,2004,0.0,0.0,250000
12073.0,2005,0.0,0.0,2000000
12073.0,2018,3.0,0.0,150000000
12073.0,2024,0.0,0.0,28000000
12077.0,2004,0.0,0.0,100000
12077.0,2005,0.0,0.0,750000
12077.0,2018,4.0,0.0,600000000
12079.0,2004,0.0,0.0,25000
12079.0,2005,0.0,0.0,200000
12079.0,2023,0.0,0.0,77500000
12079.0,2024,0.0,0.0,2200000000
12081.0,2004,0.0,0.0,8200000
12081.0,2017,1.0,0.0,41800000
12081.0,2022,4.0,0.0,1000000000
12081.0,2024,0.0,0.0,0
12085.0,2004,0.0,0.0,1021300000
12086.0,2001,0.0,0.0,10000
12086.0,2004,0.0,0.0,44000000
12086.0,2005,6.0,0.0,487000000
12086.0,2017,0.0,0.0,0
12087.0,2001,0.0,0.0,0
12087.0,2004,0.0,0.0,185000
12087.0,2005,1.0,6.0,113050000
12087.0,2017,8.0,40.0,0
12091.0,2004,0.0,0.0,0
12091.0,2005,0.0,0.0,0
12093.0,2022,0.0,0.0,1400000
12097.0,2022,4.0,0.0,0
12099.0,2001,0.0,0.0,10000
12099.0,2004,0.0,0.0,860000000
12099.0,2005,0.0,0.0,0
12101.0,2017,1.0,0.0,7000000
12103.0,2017,2.0,0.0,594450000
12103.0,2024,0.0,0.0,86000000
12105.0,2017,3.0,0.0,162480000
12105.0,2024,0.0,0.0,0
12111.0,2004,0.0,0.0,2547200000
12113.0,2004,1.0,0.0,0
12113.0,2005,0.0,0.0,0
12115.0,2004,1.0,0.0,32400000
12115.0,2017,0.0,0.0,12930000
12115.0,2022,8.0,0.0,2000000000
12115.0,2024,0.0,0.0,0
12121.0,2023,0.0,0.0,0
12121.0,2024,0.0,0.0,0
12123.0,2004,0.0,0.0,50000
12123.0,2005,0.0,0.0,4000000
12123.0,2016,0.0,0.0,906000
12123.0,2023,0.0,0.0,82500000
12123.0,2024,0.0,0.0,2603320000
12127.0,2004,2.0,0.0,353200000
12127.0,2016,5.0,0.0,514400000
12129.0,2004,0.0,0.0,150000
12129.0,2005,0.0,0.0,8200000
12129.0,2016,0.0,0.0,1200000
12129.0,2018,2.0,0.0,350000000
12129.0,2024,0.0,0.0,0
12131.0,2004,0.0,0.0,25000000
12131.0,2005,0.0,0.0,12750000
12133.0,2004,0.0,0.0,1500000
12133.0,2005,0.0,0.0,500000
12133.0,2018,4.0,0.0,400000000
13001.0,2024,0.0,0.0,0
13005.0,2024,0.0,0.0,0
13007.0,2005,0.0,0.0,100000
13007.0,2018,0.0,0.0,161000000
13009.0,2005,0.0,0.0,0
13011.0,2005,0.0,0.0,0
13013.0,2005,0.0,0.0,0
13015.0,2005,0.0,0.0,0
13015.0,2007,0.0,0.0,0
13017.0,2005,0.0,0.0,100000
13017.0,2024,0.0,0.0,220000000
13019.0,2005,0.0,0.0,100000
13019.0,2024,0.0,0.0,400000000
13021.0,2005,0.0,0.0,0
13023.0,2005,0.0,0.0,0
13023.0,2018,0.0,0.0,0
13027.0,2005,0.0,0.0,150000
13027.0,2023,0.0,0.0,5000000
13027.0,2024,0.0,0.0,220000000
13035.0,2005,0.0,0.0,0
13037.0,2005,0.0,0.0,300000
13037.0,2018,0.0,0.0,161000000
13045.0,2005,0.0,0.0,0
13045.0,2007,0.0,0.0,0
13047.0,2005,0.0,0.0,0
13047.0,2007,0.0,0.0,0
13051.0,2016,1.0,2.0,0
13053.0,2005,0.0,0.0,0
13055.0,2005,0.0,0.0,0
13055.0,2007,0.0,0.0,0
13057.0,2005,0.0,0.0,0
13057.0,2007,0.0,0.0,0
13059.0,2005,0.0,0.0,0
13061.0,2005,0.0,0.0,100000
13063.0,2005,0.0,0.0,0
13063.0,2007,0.0,0.0,0
13065.0,2024,2.0,2.0,0
13067.0,2005,0.0,0.0,0
13067.0,2007,0.0,0.0,0
13069.0,2024,2.0,0.0,0
13071.0,2005,0.0,0.0,1000000
13071.0,2024,2.0,0.0,210000000
13075.0,2005,0.0,0.0,100000
13075.0,2024,0.0,0.0,300000000
13077.0,2005,0.0,0.0,0
13077.0,2007,0.0,0.0,0
13079.0,2005,0.0,0.0,0
13081.0,2005,0.0,0.0,0
13081.0,2018,0.0,0.0,0
13083.0,2005,0.0,0.0,0
13083.0,2007,0.0,0.0,0
13085.0,2005,0.0,0.0,0
13085.0,2007,0.0,0.0,0
13087.0,2005,0.0,0.0,300000
13087.0,2018,0.0,0.0,800000000
13089.0,2005,0.0,0.0,0
13089.0,2007,0.0,0.0,0
13091.0,2005,0.0,0.0,0
13091.0,2018,0.0,0.0,0
13093.0,2005,0.0,0.0,0
13093.0,2018,0.0,0.0,0
13095.0,2005,0.0,0.0,500000
13095.0,2018,0.0,0.0,411000000
13097.0,2005,0.0,0.0,0
13097.0,2007,0.0,0.0,0
13099.0,2005,0.0,0.0,100000
13099.0,2018,0.0,0.0,650000000
13101.0,2024,0.0,0.0,0
13107.0,2005,0.0,0.0,0
13107.0,2024,0.0,0.0,0
13111.0,2005,0.0,0.0,0
13111.0,2007,0.0,0.0,0
13113.0,2005,0.0,0.0,0
13113.0,2007,0.0,0.0,0
13115.0,2005,0.0,0.0,0
13115.0,2007,0.0,0.0,0
13117.0,2005,0.0,0.0,0
13117.0,2007,0.0,0.0,0
13121.0,2005,0.0,0.0,0
13121.0,2007,0.0,0.0,0
13123.0,2005,0.0,0.0,0
13123.0,2007,0.0,0.0,0
13125.0,2005,0.0,0.0,0
13129.0,2005,0.0,0.0,0
13129.0,2007,0.0,0.0,0
13131.0,2005,0.0,0.0,300000
13131.0,2018,0.0,0.0,161000000
13133.0,2005,0.0,0.0,0
13135.0,2005,0.0,0.0,0
13135.0,2007,0.0,0.0,0
13139.0,2005,0.0,0.0,0
13139.0,2007,0.0,0.0,0
13141.0,2005,0.0,0.0,0
13143.0,2005,0.0,0.0,0
13143.0,2007,0.0,0.0,0
13145.0,2005,0.0,0.0,0
13145.0,2007,0.0,0.0,0
13149.0,2005,0.0,0.0,0
13149.0,2007,0.0,0.0,0
13151.0,2005,0.0,0.0,0
13151.0,2007,0.0,0.0,0
13153.0,2005,0.0,0.0,0
13155.0,2005,0.0,0.0,100000
13155.0,2024,0.0,0.0,220000000
13157.0,2005,0.0,0.0,0
13159.0,2005,0.0,0.0,0
13161.0,2024,4.0,0.0,0
13163.0,2005,0.0,0.0,0
13163.0,2024,0.0,0.0,0
13167.0,2005,0.0,0.0,0
13167.0,2024,0.0,8.0,0
13169.0,2005,0.0,0.0,0
13171.0,2005,0.0,0.0,0
13171.0,2007,0.0,0.0,0
13173.0,2005,0.0,0.0,100000
13173.0,2023,0.0,0.0,1000000
13173.0,2024,0.0,0.0,400000000
13175.0,2005,0.0,0.0,0
13175.0,2018,0.0,0.0,1200000
13175.0,2024,4.0,0.0,0
13177.0,2005,0.0,0.0,100000
13177.0,2018,0.0,0.0,116000000
13185.0,2005,0.0,0.0,100000
13185.0,2023,1.0,7.0,20000000
13185.0,2024,4.0,154.0,1200000000
13187.0,2005,0.0,0.0,0
13187.0,2007,0.0,0.0,0
13193.0,2005,0.0,0.0,0
13195.0,2005,0.0,0.0,0
13197.0,2005,0.0,0.0,0
13199.0,2005,0.0,0.0,0
13199.0,2007,0.0,0.0,0
13201.0,2005,0.0,0.0,100000
13201.0,2018,0.0,0.0,750000000
13205.0,2005,0.0,0.0,250000
13205.0,2018,0.0,0.0,161000000
13207.0,2005,0.0,0.0,0
13207.0,2007,0.0,0.0,0
13209.0,2005,0.0,0.0,0
13209.0,2024,0.0,0.0,0
13211.0,2005,0.0,0.0,0
13213.0,2005,0.0,0.0,0
13215.0,2005,0.0,0.0,0
13217.0,2005,0.0,0.0,0
13219.0,2005,0.0,0.0,0
13221.0,2005,0.0,0.0,0
13223.0,2005,0.0,0.0,0
13223.0,2007,0.0,0.0,0
13225.0,2005,0.0,0.0,0
13227.0,2005,0.0,0.0,0
13227.0,2007,0.0,0.0,0
13231.0,2005,0.0,0.0,0
13231.0,2007,0.0,0.0,0
13233.0,2005,0.0,0.0,0
13233.0,2007,0.0,0.0,0
13235.0,2005,0.0,0.0,0
13235.0,2018,0.0,0.0,0
13237.0,2005,0.0,0.0,0
13239.0,2005,0.0,0.0,100000
13243.0,2005,0.0,0.0,150000
13247.0,2005,0.0,0.0,0
13247.0,2007,0.0,0.0,0
13249.0,2005,0.0,0.0,0
13253.0,2005,0.0,0.0,250000
13253.0,2018,1.0,0.0,800000000
13255.0,2005,0.0,0.0,0
13255.0,2007,0.0,0.0,0
13259.0,2005,0.0,0.0,0
13261.0,2005,0.0,0.0,0
13261.0,2018,0.0,0.0,0
13263.0,2005,0.0,0.0,0
13265.0,2005,0.0,0.0,0
13269.0,2005,0.0,0.0,0
13271.0,2005,0.0,0.0,0
13271.0,2024,0.0,0.0,0
13273.0,2005,0.0,0.0,250000
13273.0,2018,0.0,0.0,116000000
13275.0,2005,0.0,0.0,1000000
13275.0,2024,0.0,0.0,210000000
13277.0,2005,0.0,0.0,200000
13277.0,2024,0.0,0.0,220000000
13279.0,2005,0.0,0.0,0
13279.0,2024,0.0,0.0,0
13281.0,2005,0.0,0.0,0
13281.0,2007,0.0,0.0,0
13283.0,2005,0.0,0.0,0
13283.0,2024,0.0,0.0,0
13285.0,2005,0.0,0.0,0
13285.0,2007,0.0,0.0,0
13287.0,2005,0.0,0.0,100000
13287.0,2024,0.0,0.0,220000000
13289.0,2005,0.0,0.0,0
13291.0,2005,0.0,0.0,0
13291.0,2007,0.0,0.0,0
13293.0,2005,0.0,0.0,0
13293.0,2007,0.0,0.0,0
13295.0,2005,0.0,0.0,0
13295.0,2007,0.0,0.0,0
13297.0,2005,0.0,0.0,0
13301.0,2005,0.0,0.0,0
13301.0,2024,0.0,0.0,0
13303.0,2005,0.0,0.0,0
13303.0,2024,4.0,0.0,0
13307.0,2005,0.0,0.0,0
13309.0,2005,0.0,0.0,0
13309.0,2024,0.0,0.0,0
13311.0,2005,0.0,0.0,0
13311.0,2007,0.0,0.0,0
13313.0,2005,0.0,0.0,0
13313.0,2007,0.0,0.0,0
13315.0,2005,0.0,0.0,0
13315.0,2018,0.0,0.0,0
13317.0,2005,0.0,0.0,0
13319.0,2005,0.0,0.0,0
13319.0,2024,0.0,0.0,0
13321.0,2005,0.0,0.0,1750000
13321.0,2018,0.0,0.0,116000000
15003.0,2000,0.0,0.0,0
15003.0,2001,0.0,0.0,0
15003.0,2018,0.0,0.0,0
15009.0,2000,0.0,0.0,0
22001.0,2002,0.0,2.0,61500000
22001.0,2005,0.0,0.0,50000000
22001.0,2008,0.0,0.0,20000000
22001.0,2020,1.0,0.0,450000000
22003.0,2002,0.0,0.0,2500000
22003.0,2005,0.0,0.0,3000000
22003.0,2008,0.0,0.0,5000000
22003.0,2020,3.0,0.0,400000000
22005.0,2002,0.0,0.0,5540000
22005.0,2005,0.0,0.0,8400000
22005.0,2008,0.0,0.0,6740000
22005.0,2012,0.0,0.0,1115000
22005.0,2021,1.0,0.0,200000000
22007.0,2002,0.0,0.0,5540000
22007.0,2005,0.0,0.0,8500000
22007.0,2008,0.0,0.0,9750000
22007.0,2012,0.0,0.0,6504000
22007.0,2021,0.0,0.0,10000000
22007.0,2024,0.0,0.0,2000000
22009.0,2002,0.0,0.0,19000000
22009.0,2005,0.0,0.0,1000000
22009.0,2008,0.0,0.0,45000000
22011.0,2002,0.0,0.0,550000
22011.0,2005,0.0,0.0,5000000
22011.0,2007,0.0,0.0,200000
22011.0,2020,2.0,0.0,1000000000
22013.0,2005,0.0,0.0,0
22015.0,2005,0.0,0.0,0
22017.0,2005,0.0,0.0,0
22019.0,2002,0.0,0.0,3500000
22019.0,2005,1.0,0.0,1000000000
22019.0,2007,0.0,0.0,200000
22019.0,2020,13.0,0.0,7000000000
22023.0,2002,0.0,0.0,450000
22023.0,2005,0.0,0.0,2750000000
22023.0,2008,0.0,0.0,45000000
22023.0,2020,0.0,0.0,750000000
22025.0,2005,0.0,0.0,11500000
22027.0,2005,0.0,0.0,0
22029.0,2005,0.0,0.0,10300000
22031.0,2005,0.0,0.0,0
22033.0,2002,0.0,0.0,5540000
22033.0,2005,4.0,0.0,17000000
22033.0,2008,2.0,0.0,37700000
22033.0,2012,0.0,0.0,10190000
22033.0,2021,2.0,0.0,250000000
22035.0,2005,0.0,0.0,4400000
22037.0,2002,0.0,0.0,5540000
22037.0,2005,0.0,0.0,1700000
22037.0,2008,0.0,0.0,100000
22037.0,2012,0.0,0.0,164500
22039.0,2002,0.0,1.0,23000000
22039.0,2005,0.0,0.0,1000000
22039.0,2008,0.0,0.0,75000000
22039.0,2020,0.0,0.0,100000000
22041.0,2002,0.0,0.0,500000
22041.0,2005,0.0,0.0,4100000
22043.0,2005,0.0,0.0,0
22043.0,2020,0.0,0.0,0
22045.0,2002,0.0,0.0,60000000
22045.0,2005,0.0,0.0,13000000
22045.0,2008,0.0,0.0,130000000
22045.0,2019,0.0,0.0,1000000
22045.0,2020,2.0,0.0,200000000
22047.0,2002,0.0,0.0,5540000
22047.0,2005,0.0,0.0,1700000
22047.0,2008,0.0,0.0,5670000
22047.0,2012,0.0,0.0,502000
22047.0,2021,0.0,0.0,10000000
22049.0,2020,1.0,0.0,0
22051.0,2002,0.0,0.0,11080000
22051.0,2004,0.0,0.0,1060000
22051.0,2005,27.0,0.0,1711000000
22051.0,2008,0.0,0.0,2530000
22051.0,2012,0.0,0.0,12040000
22051.0,2020,0.0,0.0,25000000
22051.0,2021,4.0,0.0,1500000000
22053.0,2002,0.0,0.0,25000000
22053.0,2005,0.0,0.0,4000000
22053.0,2020,0.0,0.0,1100000000
22055.0,2002,0.0,0.0,88000000
22055.0,2005,0.0,0.0,8000000
22055.0,2008,1.0,0.0,105000000
22055.0,2020,0.0,0.0,300000000
22057.0,2002,0.0,0.0,11080000
22057.0,2004,0.0,0.0,245000
22057.0,2005,0.0,0.0,86000000
22057.0,2008,0.0,0.0,17340000
22057.0,2012,0.0,0.0,2060000
22057.0,2020,0.0,0.0,50000000
22057.0,2021,0.0,0.0,1500000000
22057.0,2024,0.0,0.0,40000000
22059.0,2005,0.0,0.0,0
22061.0,2005,0.0,0.0,0
22063.0,2002,0.0,0.0,5540000
22063.0,2005,0.0,0.0,17500000
22063.0,2008,1.0,0.0,8400000
22063.0,2012,0.0,0.0,12090000
22063.0,2021,0.0,0.0,300000000
22065.0,2005,0.0,0.0,5900000
22067.0,2002,0.0,0.0,500000
22067.0,2005,0.0,0.0,4000000
22069.0,2005,0.0,0.0,0
22069.0,2020,0.0,0.0,0
22071.0,2002,0.0,0.0,5540000
22071.0,2004,0.0,0.0,240000
22071.0,2005,638.0,0.0,3577000000
22071.0,2008,0.0,0.0,6170000
22071.0,2012,0.0,0.0,26800000
22071.0,2020,1.0,1.0,25000000
22071.0,2021,12.0,0.0,800000000
22075.0,2002,0.0,0.0,11080000
22075.0,2004,0.0,0.0,8840000
22075.0,2005,2.0,0.0,3045000000
22075.0,2008,0.0,0.0,730000
22075.0,2012,0.0,0.0,4510000
22075.0,2020,0.0,0.0,35000000
22075.0,2021,0.0,0.0,150000000
22077.0,2002,0.0,0.0,5540000
22077.0,2005,0.0,0.0,1700000
22077.0,2008,0.0,0.0,1400000
22077.0,2012,0.0,0.0,100000
22077.0,2021,0.0,0.0,10000000
22079.0,2002,0.0,0.0,58000000
22079.0,2005,0.0,0.0,2500000
22079.0,2008,0.0,0.0,105000000
22079.0,2020,3.0,0.0,500000000
22081.0,2005,0.0,0.0,0
22083.0,2005,0.0,0.0,6200000
22085.0,2005,0.0,0.0,0
22085.0,2020,0.0,0.0,0
22087.0,2002,0.0,0.0,11080000
22087.0,2004,0.0,0.0,1180000
22087.0,2005,140.0,0.0,3565000000
22087.0,2008,0.0,0.0,590000
22087.0,2012,0.0,0.0,7200000
22087.0,2020,0.0,0.0,50000000
22087.0,2021,0.0,0.0,20000000
22089.0,2002,0.0,0.0,5540000
22089.0,2004,0.0,0.0,5000
22089.0,2005,0.0,0.0,169500000
22089.0,2008,0.0,0.0,2820000
22089.0,2012,0.0,0.0,1300000
22089.0,2021,0.0,0.0,500000000
22091.0,2002,0.0,0.0,5540000
22091.0,2005,0.0,0.0,8400000
22091.0,2008,0.0,0.0,260000
22091.0,2012,0.0,0.0,4000000
22091.0,2021,0.0,0.0,50000000
22093.0,2002,0.0,0.0,5540000
22093.0,2005,0.0,0.0,8400000
22093.0,2008,0.0,0.0,2560000
22093.0,2012,0.0,0.0,1000000
22093.0,2021,1.0,0.0,250000000
22095.0,2002,0.0,0.0,5540000
22095.0,2004,0.0,0.0,5000
22095.0,2005,1.0,0.0,170000000
22095.0,2008,0.0,0.0,8150000
22095.0,2012,0.0,0.0,11800000
22095.0,2021,1.0,0.0,500000000
22097.0,2002,0.0,0.0,33000000
22097.0,2005,0.0,0.0,3500000
22097.0,2008,0.0,0.0,125000000
22099.0,2002,0.0,0.0,30500000
22099.0,2005,0.0,0.0,2020000
22099.0,2008,1.0,0.0,80000000
22101.0,2002,0.0,0.0,53000000
22101.0,2005,0.0,0.0,11010000
22101.0,2008,0.0,0.0,180000000
22101.0,2019,0.0,0.0,5000000
22101.0,2020,0.0,0.0,50000000
22101.0,2024,0.0,0.0,40000000
22103.0,2002,0.0,0.0,5540000
22103.0,2004,0.0,0.0,240000
22103.0,2005,2.0,0.0,2545000000
22103.0,2008,0.0,0.0,510000
22103.0,2012,0.0,0.0,4760000
22103.0,2020,0.0,0.0,15000000
22103.0,2021,0.0,0.0,100000000
22105.0,2002,0.0,0.0,5540000
22105.0,2005,0.0,0.0,85200000
22105.0,2008,0.0,0.0,250000
22105.0,2012,0.0,0.0,4600000
22105.0,2021,2.0,0.0,400000000
22107.0,2005,0.0,0.0,12000000
22109.0,2002,0.0,0.0,11080000
22109.0,2004,0.0,0.0,10000
22109.0,2005,0.0,0.0,86000000
22109.0,2008,0.0,0.0,9680000
22109.0,2012,0.0,0.0,2670000
22109.0,2020,0.0,0.0,50000000
22109.0,2021,1.0,0.0,1500000000
22109.0,2024,0.0,6.0,80000000
22113.0,2002,0.0,0.0,78000000
22113.0,2005,0.0,0.0,140000000
22113.0,2020,0.0,0.0,450000000
22115.0,2005,0.0,0.0,1000000
22115.0,2020,1.0,0.0,900000000
22117.0,2002,0.0,0.0,5540000
22117.0,2005,2.0,0.0,1860500000
22117.0,2008,0.0,0.0,37500
22117.0,2012,0.0,0.0,3250000
22117.0,2021,0.0,0.0,10000000
22119.0,2005,0.0,0.0,0
22121.0,2002,0.0,0.0,5540000
22121.0,2005,0.0,0.0,1700000
22121.0,2008,0.0,0.0,1700000
22121.0,2012,0.0,0.0,100000
22121.0,2021,0.0,0.0,10000000
22123.0,2005,0.0,0.0,2950000
22125.0,2002,0.0,0.0,5540000
22125.0,2005,0.0,0.0,1700000
22125.0,2008,0.0,0.0,520000
22125.0,2012,0.0,0.0,585000
22125.0,2021,0.0,0.0,5000000
22127.0,2005,0.0,0.0,0
22127.0,2020,0.0,0.0,0
28001.0,2002,0.0,0.0,0
28001.0,2005,0.0,2.0,120260000
28005.0,2005,0.0,0.0,73000000
28005.0,2008,0.0,0.0,250000
28005.0,2021,0.0,0.0,1000000
28007.0,2002,0.0,0.0,0
28007.0,2005,0.0,0.0,70000000
28011.0,2005,0.0,0.0,5910000
28015.0,2002,0.0,0.0,0
28015.0,2005,0.0,0.0,16060000
28019.0,2005,0.0,0.0,85250000
28021.0,2005,0.0,0.0,35140000
28023.0,2004,0.0,0.0,125050
28023.0,2005,0.0,0.0,140350000
28025.0,2004,0.0,0.0,125050
28025.0,2005,0.0,0.0,11150000
28029.0,2005,0.0,20.0,115060000
28031.0,2002,0.0,0.0,0
28031.0,2004,0.0,0.0,125050
28031.0,2005,0.0,10.0,250000000
28035.0,2004,0.0,0.0,125050
28035.0,2005,0.0,0.0,840170000
28037.0,2005,0.0,0.0,25640000
28039.0,2004,0.0,0.0,200000
28039.0,2005,0.0,0.0,0
28041.0,2004,0.0,0.0,0
28041.0,2005,0.0,0.0,0
28043.0,2005,0.0,4.0,11070000
28045.0,2004,0.0,0.0,640000
28045.0,2005,56.0,0.0,1470000000
28045.0,2008,0.0,0.0,750000
28045.0,2020,0.0,0.0,40000000
28045.0,2021,0.0,0.0,3000000
28047.0,2004,0.0,0.0,1200000
28047.0,2005,97.0,0.0,2940000000
28047.0,2008,0.0,0.0,6500000
28047.0,2020,1.0,0.0,40000000
28047.0,2021,0.0,0.0,2000000
28049.0,2002,0.0,0.0,0
28049.0,2005,1.0,0.0,520120000
28051.0,2005,0.0,0.0,16110000
28053.0,2005,0.0,0.0,8730000
28055.0,2005,0.0,0.0,15310000
28059.0,2004,0.0,0.0,6000000
28059.0,2005,13.0,0.0,1100000000
28059.0,2008,0.0,0.0,250000
28059.0,2017,0.0,0.0,0
28059.0,2020,0.0,0.0,10000000
28061.0,2002,0.0,0.0,0
28061.0,2004,0.0,0.0,125050
28061.0,2005,0.0,2.0,200250000
28063.0,2005,0.0,0.0,45240000
28065.0,2005,0.0,0.0,165030000
28067.0,2004,0.0,0.0,125050
28067.0,2005,10.0,0.0,830250000
28069.0,2004,0.0,0.0,125050
28069.0,2005,0.0,2.0,138600000
28073.0,2004,0.0,0.0,125050
28073.0,2005,0.0,10.0,480000000
28075.0,2004,0.0,0.0,125050
28075.0,2005,1.0,10.0,501000000
28077.0,2005,0.0,0.0,140030000
28079.0,2002,0.0,0.0,0
28079.0,2005,1.0,0.0,130000000
28083.0,2002,0.0,0.0,71430
28083.0,2005,0.0,0.0,13110000
28085.0,2005,0.0,0.0,135030000
28087.0,2004,0.0,0.0,125050
28087.0,2005,0.0,0.0,110300000
28089.0,2002,0.0,0.0,71430
28089.0,2005,0.0,0.0,275040000
28091.0,2004,0.0,0.0,125050
28091.0,2005,0.0,0.0,365020000
28097.0,2005,0.0,1.0,60070000
28099.0,2004,0.0,0.0,125050
28099.0,2005,0.0,0.0,150230000
28101.0,2004,0.0,0.0,125050
28101.0,2005,0.0,2.0,150300000
28103.0,2004,0.0,0.0,125050
28103.0,2005,0.0,0.0,45250000
28105.0,2004,0.0,0.0,125050
28105.0,2005,0.0,0.0,115150000
28109.0,2004,0.0,0.0,160000
28109.0,2005,0.0,0.0,1100000000
28109.0,2008,0.0,0.0,250000
28109.0,2021,0.0,0.0,1000000
28111.0,2004,0.0,0.0,0
28111.0,2005,0.0,0.0,0
28113.0,2005,0.0,0.0,294000000
28113.0,2008,0.0,0.0,500000
28113.0,2021,0.0,0.0,1000000
28121.0,2005,0.0,40.0,325030000
28123.0,2002,0.0,0.0,71430
28123.0,2005,0.0,0.0,145000000
28125.0,2005,0.0,0.0,15510000
28127.0,2005,1.0,0.0,140060000
28129.0,2002,0.0,0.0,71430
28129.0,2005,0.0,0.0,150000000
28131.0,2004,0.0,0.0,0
28131.0,2005,0.0,0.0,250000000
28133.0,2005,0.0,0.0,5660000
28147.0,2005,0.0,0.0,367000000
28147.0,2008,0.0,0.0,200000
28147.0,2021,0.0,0.0,1000000
28149.0,2002,0.0,0.0,71430
28149.0,2005,1.0,0.0,120090000
28151.0,2002,0.0,0.0,71430
28151.0,2005,0.0,0.0,8715000
28153.0,2004,0.0,0.0,0
28153.0,2005,0.0,0.0,0
28155.0,2005,0.0,0.0,26130000
28157.0,2005,0.0,0.0,3400000
28157.0,2008,0.0,0.0,10690000
28157.0,2021,0.0,0.0,500000
28159.0,2004,1.0,0.0,125050
28159.0,2005,0.0,1.0,90180000
28163.0,2002,0.0,0.0,71430
28163.0,2005,0.0,0.0,35210000
37013.0,2003,0.0,0.0,12800000
37013.0,2004,0.0,0.0,175000
37013.0,2005,0.0,0.0,50000
37013.0,2011,1.0,1.0,20000000
37015.0,2003,0.0,0.0,2500000
37017.0,2004,0.0,3.0,100000
37019.0,2004,0.0,0.0,8300000
37019.0,2005,0.0,0.0,2300000
37019.0,2016,0.0,0.0,0
37019.0,2018,0.0,0.0,200000
37029.0,2003,0.0,0.0,99000
37029.0,2011,0.0,0.0,1000000
37031.0,2003,0.0,0.0,16000000
37031.0,2004,0.0,0.0,325000
37031.0,2005,0.0,5.0,30900000
37031.0,2011,0.0,0.0,35000000
37031.0,2014,0.0,0.0,0
37031.0,2018,0.0,0.0,102800000
37031.0,2019,0.0,0.0,0
37041.0,2003,1.0,0.0,7600000
37047.0,2004,0.0,0.0,150000
37049.0,2003,0.0,0.0,2500000
37049.0,2004,0.0,0.0,610000
37049.0,2005,0.0,0.0,2500000
37049.0,2011,0.0,0.0,20000000
37049.0,2018,0.0,0.0,28000000
37051.0,2003,0.0,0.0,28000
37053.0,2003,0.0,0.0,700000
37053.0,2011,0.0,0.0,1500000
37053.0,2019,0.0,0.0,150000
37055.0,2003,0.0,0.0,347000000
37055.0,2004,0.0,0.0,2675000
37055.0,2005,0.0,0.0,100000
37055.0,2011,0.0,0.0,30000000
37055.0,2014,0.0,0.0,670000
37055.0,2016,0.0,0.0,0
37055.0,2018,0.0,0.0,0
37055.0,2019,0.0,0.0,0
37061.0,2003,0.0,0.0,250000
37061.0,2004,0.0,0.0,350000
37061.0,2005,0.0,0.0,8000000
37063.0,2003,0.0,0.0,205000
37065.0,2003,0.0,0.0,919000
37069.0,2003,1.0,0.0,209000
37073.0,2003,0.0,0.0,900000
37077.0,2003,0.0,0.0,254000
37079.0,2003,0.0,0.0,770000
37079.0,2004,0.0,0.0,300000
37079.0,2005,0.0,0.0,0
37083.0,2003,0.0,0.0,1600000
37091.0,2003,0.0,0.0,1400000
37095.0,2003,0.0,0.0,0
37095.0,2004,0.0,0.0,5150000
37095.0,2005,0.0,0.0,50000
37095.0,2011,0.0,0.0,30000000
37095.0,2014,0.0,0.0,0
37095.0,2018,0.0,0.0,0
37095.0,2019,0.0,0.0,0
37103.0,2003,0.0,0.0,300000
37103.0,2004,0.0,0.0,350000
37103.0,2005,0.0,0.0,50000
37107.0,2003,0.0,0.0,200000
37107.0,2004,0.0,0.0,350000
37107.0,2005,0.0,0.0,10000
37117.0,2003,0.0,0.0,0
37117.0,2004,0.0,0.0,175000
37117.0,2005,0.0,0.0,0
37127.0,2003,0.0,0.0,809000
37129.0,2004,0.0,0.0,3500000
37129.0,2005,0.0,0.0,3600000
37129.0,2016,0.0,0.0,0
37129.0,2018,1.0,1.0,1000000000
37131.0,2003,0.0,0.0,1600000
37133.0,2003,0.0,0.0,1030000
37133.0,2004,0.0,0.0,5505000
37133.0,2005,0.0,0.0,9000000
37133.0,2018,0.0,0.0,34500000
37137.0,2003,0.0,0.0,55000000
37137.0,2004,0.0,0.0,260000
37137.0,2005,0.0,0.0,3000000
37137.0,2011,0.0,0.0,20000000
37139.0,2003,0.0,0.0,4500000
37139.0,2011,0.0,0.0,1000000
37141.0,2004,0.0,0.0,875000
37141.0,2005,0.0,0.0,2400000
37141.0,2016,0.0,0.0,0
37141.0,2018,0.0,0.0,300000000
37143.0,2003,0.0,0.0,1500000
37145.0,2003,0.0,0.0,104000
37147.0,2003,0.0,0.0,2000000
37147.0,2004,0.0,0.0,500000
37147.0,2005,0.0,0.0,0
37177.0,2003,0.0,0.0,0
37177.0,2004,0.0,0.0,200000
37177.0,2005,0.0,0.0,0
37177.0,2011,0.0,0.0,25000000
37181.0,2003,0.0,0.0,369000
37183.0,2003,0.0,0.0,890000
37185.0,2003,0.0,0.0,270000
37187.0,2003,0.0,0.0,12000000
37187.0,2004,0.0,0.0,100000
37187.0,2005,0.0,0.0,0
37191.0,2003,0.0,0.0,436000
37195.0,2003,0.0,0.0,1200000
45015.0,2004,0.0,0.0,0
45019.0,2004,0.0,0.0,0
45043.0,2004,0.0,0.0,2500000
45043.0,2016,0.0,0.0,68000000
45051.0,2004,0.0,3.0,4000000
45051.0,2016,0.0,0.0,134000000
45051.0,2018,2.0,0.0,40000
45089.0,2016,0.0,0.0,5000000
48005.0,2005,1.0,0.0,0
48005.0,2008,0.0,0.0,0
48007.0,2003,0.0,0.0,0
48007.0,2017,2.0,64.0,1750000000
48025.0,2017,0.0,0.0,10000
48039.0,2003,0.0,0.0,1270000
48039.0,2005,0.0,0.0,500000
48039.0,2008,1.0,0.0,700000000
48057.0,2003,0.0,0.0,0
48057.0,2017,1.0,0.0,270000000
48061.0,2008,0.0,2.0,367500000
48071.0,2003,0.0,0.0,0
48071.0,2005,0.0,0.0,8000000
48071.0,2007,0.0,0.0,500000
48073.0,2008,0.0,0.0,750000
48123.0,2017,0.0,0.0,100000
48157.0,2008,3.0,8.0,400000000
48167.0,2003,0.0,0.0,8300000
48167.0,2005,0.0,3.0,15000000
48167.0,2007,0.0,0.0,2500000
48167.0,2008,8.0,0.0,1000000000
48175.0,2017,0.0,0.0,1000000
48199.0,2005,0.0,0.0,50000000
48199.0,2008,0.0,0.0,70000000
48201.0,2003,0.0,0.0,0
48201.0,2005,0.0,0.0,90000000
48201.0,2008,9.0,2400.0,2000000000
48225.0,2005,0.0,0.0,1000000
48225.0,2008,0.0,0.0,100000000
48239.0,2003,0.0,2.0,594000
48241.0,2005,1.0,0.0,200000000
48241.0,2008,0.0,0.0,53000000
48241.0,2020,0.0,0.0,140000000
48245.0,2005,0.0,0.0,1250000000
48245.0,2007,0.0,12.0,25000000
48245.0,2008,0.0,0.0,100000000
48245.0,2020,5.0,18.0,270000000
48261.0,2020,0.0,0.0,100000
48273.0,2020,0.0,0.0,50000
48291.0,2005,2.0,0.0,7000000
48291.0,2008,0.0,0.0,220000000
48321.0,2003,0.0,0.0,716300
48321.0,2008,0.0,0.0,6000000
48321.0,2021,0.0,0.0,0
48339.0,2005,0.0,0.0,2500000
48339.0,2008,2.0,0.0,500000000
48347.0,2005,0.0,0.0,0
48347.0,2008,0.0,0.0,1500000
48351.0,2005,0.0,0.0,80000000
48351.0,2020,0.0,0.0,210000000
48355.0,2017,0.0,0.0,1000000000
48361.0,2005,0.0,0.0,500000000
48361.0,2007,1.0,0.0,10000000
48361.0,2008,0.0,0.0,75000000
48361.0,2020,0.0,0.0,1130000000
48373.0,2005,0.0,0.0,23000000
48373.0,2008,0.0,0.0,100000000
48391.0,2003,0.0,0.0,0
48391.0,2017,0.0,0.0,520000000
48403.0,2005,0.0,0.0,0
48403.0,2008,0.0,0.0,250000
48403.0,2020,1.0,0.0,0
48405.0,2005,0.0,0.0,0
48405.0,2008,0.0,0.0,500000
48407.0,2005,1.0,0.0,10000000
48407.0,2008,0.0,0.0,30000000
48409.0,2003,0.0,0.0,0
48409.0,2017,0.0,0.0,505000000
48455.0,2005,0.0,0.0,1000000
48455.0,2008,0.0,1.0,15000000
48457.0,2005,0.0,0.0,10000000
48457.0,2008,0.0,0.0,45000000
48469.0,2017,0.0,0.0,160000000
48471.0,2005,0.0,0.0,1500000
48471.0,2008,1.0,0.0,20000000
48489.0,2008,0.0,2.0,20600000
48489.0,2020,0.0,0.0,236820000
51001.0,2003,1.0,0.0,0
51036.0,2003,0.0,0.0,0
51057.0,2003,0.0,0.0,20100000
51073.0,2003,0.0,0.0,10500000
51081.0,2003,0.0,0.0,0
51093.0,2003,1.0,0.0,0
51095.0,2003,0.0,0.0,45046000
51103.0,2003,0.0,0.0,0
51115.0,2003,0.0,0.0,22000000
51119.0,2003,0.0,0.0,16000000
51127.0,2003,1.0,0.0,0
51131.0,2003,0.0,0.0,0
51133.0,2003,0.0,0.0,0
51149.0,2003,1.0,0.0,9700000
51159.0,2003,0.0,0.0,0
51175.0,2003,0.0,0.0,0
51181.0,2003,0.0,0.0,0
51183.0,2003,0.0,0.0,0
51193.0,2003,0.0,0.0,450000
51199.0,2003,0.0,0.0,133125000
51550.0,2003,0.0,0.0,30000000
51595.0,2003,0.0,0.0,0
51620.0,2003,0.0,0.0,0
51670.0,2003,1.0,0.0,9700000
51700.0,2000,0.0,0.0,0
51710.0,2003,0.0,0.0,10000000
51730.0,2003,1.0,0.0,9700000
51740.0,2003,0.0,0.0,10000000
51800.0,2003,0.0,0.0,33000000
51810.0,2003,0.0,0.0,39400000
51830.0,2003,0.0,0.0,45046000
15003,2018,0.0,0.0,0
15009,2018,0.0,0.0,0
22103,2021,4.0,0.0,500000000
51700,2003,0.0,0.0,157300000
