county_fips5,yr,prem_per_unit,y_true_log,y_pred_log,y_pred,abs_err
00nan,2021,1472.0434782608695,7.294406835714621,7.001107265448975,1097.8480949394677,374.1953833214018
6001.0,2021,1437.3522032476938,7.270557952253628,6.975253751997668,1069.8286259849585,367.5235772627352
6003.0,2021,2058.625748502994,7.629793926787964,7.008959910202458,1106.5030436662992,952.122704836695
6005.0,2021,1496.3216834400732,7.310765164456475,6.992804609451789,1088.7707749473327,407.5509084927405
6007.0,2021,1237.6145980069912,7.120941094605412,6.993011952846228,1088.9965477810201,148.61805022597105
6009.0,2021,1543.2619828528684,7.341653625930637,7.007510522022306,1104.9004529021129,438.36152995075554
6011.0,2021,1063.2107300884957,6.9690485996059115,6.945202833717792,1038.1575492069708,25.053180881524895
6013.0,2021,1458.472855130044,7.285145177636496,6.953139067825927,1046.4293907782492,412.0434643517949
6015.0,2021,1102.4786440677967,7.005316236673343,6.920435063259786,1012.7605135915644,89.71813047623232
6017.0,2021,1649.855433451098,7.408442946965868,6.975380518194273,1069.9642526871523,579.8911807639456
6019.0,2021,1038.2573000215114,6.945298913568747,6.950156529394862,1043.3130245560135,5.055724534502133
6021.0,2021,971.1184959349594,6.878448495794131,6.936440159387222,1029.1002537196716,57.98175778471227
6023.0,2021,1067.0151107351585,6.9726204130900955,6.917499010410741,1009.7913561347837,57.22375460037483
6025.0,2021,1077.2590050688557,6.982175135773012,6.997959030858629,1094.3972464824956,17.13824141363989
6027.0,2021,1209.4067995310668,7.097885270058356,6.978312410870138,1073.1058762441437,136.30092328692308
6029.0,2021,984.7230675229625,6.892360451919216,6.956517613116098,1049.97077886937,65.24771134640741
6031.0,2021,880.2621363555238,6.780219745336338,6.924911442453441,1017.3041756728177,137.04203931729387
6033.0,2021,1421.9982790665656,7.259818400142036,6.983558455799169,1078.750230206926,343.24804885963954
6035.0,2021,1472.30661716532,7.2945855773021515,6.968355853888801,1062.4744504655637,409.83216669975627
6037.0,2021,1486.8569484001207,7.304419740353088,7.005478693434844,1102.6577637271419,384.19918467297884
6039.0,2021,1225.784272317274,7.111336140423776,6.970102739659032,1064.3320940374758,161.4521782797981
6041.0,2021,2195.1196812270287,7.693991848499873,6.986505184815638,1081.93370292395,1113.1859783030786
6043.0,2021,1603.2034267065542,7.379759048305024,7.018342650781211,1116.9339333162002,486.269493390354
6045.0,2021,1483.3303613884925,7.3020450829318495,6.991296630690635,1087.1301690532637,396.20019233522885
6047.0,2021,877.3457721135994,6.776901181617625,6.911605673570919,1003.8578168812205,126.51204476762109
6049.0,2021,1141.968216597999,7.040508558478392,6.922910566664216,1015.2707114105569,126.69750518744195
6051.0,2021,2234.189676237019,7.711633880338774,7.066180553330687,1171.6643675707294,1062.5253086662894
6053.0,2021,1493.6065098039217,7.308948950683415,6.9835586069748015,1078.750393287687,414.8561165162346
6055.0,2021,1754.349630370344,7.469853486232305,7.015704881344849,1113.9916014270475,640.3580289432964
6057.0,2021,2001.9264000989579,7.601865196012049,7.037880794389821,1138.9713328044302,862.9550672945277
6059.0,2021,1490.7523142799766,7.307036180428626,6.95284215091107,1046.118734313785,444.63357996619175
6061.0,2021,1349.937420021004,7.207813514818027,6.936505848493791,1029.1678566162714,320.7695634047327
6063.0,2021,1779.2308059701493,7.483936418412973,7.009586492692772,1107.1965763539679,672.0342296161814
6065.0,2021,1325.6496705415009,7.189657935643841,6.989432678891959,1085.105698163478,240.54397237802277
6067.0,2021,1044.0477989004994,6.950860551781963,6.957918478610486,1051.4426774288474,7.394878528348045
6069.0,2021,1219.4410480349345,7.106147875392742,6.93064123471394,1023.1498485176427,196.29119951729183
6071.0,2021,1147.1459328674764,7.045032339086425,6.987910168113723,1083.454870063177,63.69106280429946
6073.0,2021,1469.940820798425,7.292977421002154,6.988841439655655,1084.4643307186686,385.47649007975633
6075.0,2021,2000.3668574097862,7.601085871425988,7.0277466603750725,1127.4871341689206,872.8797232408656
6077.0,2021,1036.8777312028976,6.94396929501275,6.954499652878692,1047.8541159762333,10.976384773335667
6079.0,2021,1135.4526153252268,7.034786630446109,6.934338300736727,1026.9395020419502,108.51311328327665
6081.0,2021,1672.9134646926323,7.422321975018235,6.958029791803946,1051.5597233852711,621.3537413073611
6083.0,2021,1521.1299496861081,7.327208725615748,6.9867121138061234,1082.1576095384544,438.97234014765377
6085.0,2021,1306.9924786566005,7.175483958945537,6.928680909540139,1021.146106747417,285.8463719091835
6087.0,2021,1510.0914999903562,7.319925523993208,6.976292276486498,1070.9402463344625,439.1512536558937
6089.0,2021,1374.2391422017167,7.225655505819412,6.985891274467299,1081.2696964685806,292.9694457331361
6091.0,2021,1676.8003748828492,7.4246427176970995,6.967463252723882,1061.5265076637443,615.2738672191049
6093.0,2021,1463.5785949932078,7.288639808135953,6.971619600314957,1065.947762577995,397.6308324152128
6095.0,2021,1169.3782775150403,7.064227499816551,6.952246093408982,1045.4953731921146,123.8829043229257
6097.0,2021,1441.609816805104,7.2735156964903664,6.95313663832388,1046.42684847899,395.18296832611395
6099.0,2021,953.6368762105648,6.860282966086224,6.93022439347635,1022.723446345725,69.08657013516029
6101.0,2021,1046.7646125218914,6.953459364698534,6.948544690069842,1041.632726144046,5.131886377845376
6103.0,2021,1241.171149866982,7.123810688561725,6.967289972563321,1061.3425821158403,179.8285677511417
6105.0,2021,1538.1270112975008,7.338320728773885,6.996524402125708,1092.828318431185,445.29869286631583
6107.0,2021,894.3131149714892,6.79605595431392,6.912220471120864,1004.4751759635121,110.16206099202293
6109.0,2021,1364.2354741861423,7.218349458537523,6.971604724006487,1065.9319053282145,298.30356885792776
6111.0,2021,1381.4337985640475,7.230877223247156,6.956428234325554,1049.876937944805,331.55686061924257
6113.0,2021,1023.50981783771,6.9309929974712725,6.935279482696547,1027.9064939613913,4.396676123681345
6115.0,2021,1086.6597759955753,6.990863844564172,6.95335726186791,1046.6577403480244,40.00203564755088
